Value,RealEstateProperiesDictionaryId
3,146
2,146
студия,146
5,146
4,146
1,146
6,146
свободная планировка,146
7,146
10 и больше,146
Свободная планировка,146
59 м²,147
17 м²,147
109 м²,147
50 м²,147
64.9 м²,147
31 м²,147
90 м²,147
252.8 м²,147
112.3 м²,147
38 м²,147
98 м²,147
90.3 м²,147
60 м²,147
34 м²,147
40.5 м²,147
39.5 м²,147
31.8 м²,147
41.3 м²,147
67.8 м²,147
45 м²,147
70 м²,147
54 м²,147
42 м²,147
36 м²,147
38.6 м²,147
68 м²,147
73 м²,147
42.9 м²,147
28 м²,147
40 м²,147
20 м²,147
21 м²,147
32 м²,147
84 м²,147
66.8 м²,147
6238.7 м²,147
650 м²,147
49.6 м²,147
61.7 м²,147
58.6 м²,147
56.8 м²,147
63 м²,147
35 м²,147
36.8 м²,147
63.9 м²,147
22.5 м²,147
38.3 м²,147
388.9 м²,147
65 м²,147
100 м²,147
56.4 м²,147
22 м²,147
28.6 м²,147
96.5 м²,147
20.5 м²,147
110 м²,147
61.6 м²,147
82.6 м²,147
108 м²,147
64 м²,147
53 м²,147
44.7 м²,147
66.7 м²,147
41.2 м²,147
90.2 м²,147
79.9 м²,147
34465 м²,147
43.7 м²,147
24 м²,147
61 м²,147
130 м²,147
34.4 м²,147
42.2 м²,147
54.4 м²,147
75 м²,147
1300 м²,147
180 м²,147
150 м²,147
44.5 м²,147
42.7 м²,147
47.1 м²,147
42.6 м²,147
36.9 м²,147
48 м²,147
42.1 м²,147
37.1 м²,147
25 м²,147
13 м²,147
27 м²,147
42.8 м²,147
29 м²,147
14 м²,147
21.4 м²,147
24.1 м²,147
80 м²,147
73.8 м²,147
52.6 м²,147
50.2 м²,147
29.4 м²,147
57.2 м²,147
50.5 м²,147
43.8 м²,147
44 м²,147
18 м²,147
106 м²,147
32.2 м²,147
57.1 м²,147
58 м²,147
30.5 м²,147
49.2 м²,147
92 м²,147
62 м²,147
52.5 м²,147
39.2 м²,147
30 м²,147
43.5 м²,147
37.3 м²,147
64.6 м²,147
31.5 м²,147
39 м²,147
47.8 м²,147
55.2 м²,147
39.8 м²,147
26.8 м²,147
31.6 м²,147
57 м²,147
32.9 м²,147
37.2 м²,147
52 м²,147
55 м²,147
43 м²,147
34.3 м²,147
40.1 м²,147
48.8 м²,147
51.2 м²,147
47 м²,147
87 м²,147
104 м²,147
51 м²,147
20.8 м²,147
43.9 м²,147
56.1 м²,147
44.8 м²,147
44.4 м²,147
43.1 м²,147
59.8 м²,147
73.6 м²,147
56.7 м²,147
56 м²,147
20.4 м²,147
34.1 м²,147
30.1 м²,147
61.5 м²,147
33.7 м²,147
37.5 м²,147
103.9 м²,147
52.1 м²,147
26.9 м²,147
33 м²,147
37.9 м²,147
30.9 м²,147
55.6 м²,147
160 м²,147
52.8 м²,147
53.5 м²,147
11.9 м²,147
15 м²,147
76.3 м²,147
46.5 м²,147
33.4 м²,147
35.5 м²,147
50.7 м²,147
46 м²,147
41.1 м²,147
35.9 м²,147
29.7 м²,147
39.7 м²,147
36.2 м²,147
78.1 м²,147
47.5 м²,147
38.7 м²,147
118.2 м²,147
45.2 м²,147
59.2 м²,147
93.2 м²,147
25.8 м²,147
101.1 м²,147
38.8 м²,147
35.2 м²,147
45.6 м²,147
40.4 м²,147
45.1 м²,147
67 м²,147
60.1 м²,147
55.4 м²,147
49.1 м²,147
93 м²,147
51.9 м²,147
91 м²,147
56.2 м²,147
40.2 м²,147
40.3 м²,147
39.1 м²,147
35.3 м²,147
49 м²,147
32.8 м²,147
38.9 м²,147
52.3 м²,147
36.7 м²,147
40.6 м²,147
43.3 м²,147
51.4 м²,147
41 м²,147
45.7 м²,147
43.2 м²,147
30.3 м²,147
35.4 м²,147
27.2 м²,147
61.8 м²,147
48.6 м²,147
44.6 м²,147
21.5 м²,147
29.9 м²,147
53.4 м²,147
18.6 м²,147
51.3 м²,147
71 м²,147
42.4 м²,147
63.3 м²,147
33.3 м²,147
38.5 м²,147
13.5 м²,147
83 м²,147
83.4 м²,147
37 м²,147
28.7 м²,147
18.1 м²,147
41.5 м²,147
46.2 м²,147
81.7 м²,147
33.5 м²,147
34.5 м²,147
39.4 м²,147
32.4 м²,147
33.9 м²,147
32.3 м²,147
71.2 м²,147
43.4 м²,147
34.9 м²,147
19 м²,147
24.9 м²,147
53.2 м²,147
44.3 м²,147
21.7 м²,147
58.4 м²,147
80.1 м²,147
32.1 м²,147
34.8 м²,147
40.8 м²,147
45.4 м²,147
37.6 м²,147
42.5 м²,147
75.5 м²,147
65.3 м²,147
19.5 м²,147
41.7 м²,147
21.6 м²,147
47.6 м²,147
23 м²,147
82.2 м²,147
58.3 м²,147
79 м²,147
24.2 м²,147
32.7 м²,147
114 м²,147
148 м²,147
40.9 м²,147
67.2 м²,147
18.2 м²,147
85 м²,147
77.3 м²,147
30.6 м²,147
28.3 м²,147
47.3 м²,147
35.6 м²,147
55.9 м²,147
69.2 м²,147
103 м²,147
60.3 м²,147
36.6 м²,147
21.8 м²,147
57.9 м²,147
82 м²,147
23.4 м²,147
74.7 м²,147
52.2 м²,147
35.1 м²,147
60.5 м²,147
95.5 м²,147
47.2 м²,147
31.2 м²,147
50.4 м²,147
68.6 м²,147
27.5 м²,147
49.4 м²,147
35.7 м²,147
16.5 м²,147
36.3 м²,147
62.1 м²,147
79.3 м²,147
33.2 м²,147
41.4 м²,147
28.9 м²,147
56.6 м²,147
20.2 м²,147
24.4 м²,147
62.6 м²,147
147 м²,147
140 м²,147
15.3 м²,147
88 м²,147
149.5 м²,147
72 м²,147
71.6 м²,147
36.5 м²,147
187.7 м²,147
129.7 м²,147
19.3 м²,147
51.1 м²,147
44.2 м²,147
53.8 м²,147
50.8 м²,147
26.6 м²,147
44.9 м²,147
58.7 м²,147
111.4 м²,147
46.4 м²,147
79.5 м²,147
79.2 м²,147
59.1 м²,147
15.5 м²,147
40.7 м²,147
26 м²,147
41.6 м²,147
14.9 м²,147
76.7 м²,147
127 м²,147
74 м²,147
42.3 м²,147
76 м²,147
34.7 м²,147
79.6 м²,147
69.4 м²,147
77 м²,147
65.8 м²,147
21.3 м²,147
53.9 м²,147
67.7 м²,147
50.3 м²,147
56.3 м²,147
64.5 м²,147
45.3 м²,147
51.5 м²,147
84.8 м²,147
71.4 м²,147
67.9 м²,147
29.8 м²,147
58.8 м²,147
26.3 м²,147
66 м²,147
98.5 м²,147
66.5 м²,147
89.6 м²,147
62.4 м²,147
34.6 м²,147
81.5 м²,147
60.9 м²,147
38.4 м²,147
11.4 м²,147
99.1 м²,147
50.6 м²,147
47.7 м²,147
62.8 м²,147
102.4 м²,147
64.2 м²,147
33.1 м²,147
58.9 м²,147
17.5 м²,147
71.3 м²,147
10 м²,147
18.4 м²,147
17.2 м²,147
25.2 м²,147
96 м²,147
60.2 м²,147
28.5 м²,147
48.4 м²,147
110.8 м²,147
44.1 м²,147
85.5 м²,147
35.8 м²,147
31.1 м²,147
81 м²,147
39.9 м²,147
81.6 м²,147
54.2 м²,147
12.6 м²,147
22.7 м²,147
30.8 м²,147
51.6 м²,147
58.5 м²,147
18.5 м²,147
20.6 м²,147
25.1 м²,147
68.5 м²,147
17.6 м²,147
27.3 м²,147
93.9 м²,147
75.2 м²,147
77.9 м²,147
38.1 м²,147
48.5 м²,147
63.8 м²,147
61.2 м²,147
11.5 м²,147
68.4 м²,147
19.2 м²,147
65.4 м²,147
22.3 м²,147
16.3 м²,147
29.6 м²,147
21.2 м²,147
59.6 м²,147
19.9 м²,147
23.5 м²,147
22.8 м²,147
70.2 м²,147
23.8 м²,147
53.7 м²,147
23.9 м²,147
108.6 м²,147
57.3 м²,147
78.7 м²,147
86.6 м²,147
89.5 м²,147
79.1 м²,147
69.1 м²,147
48.3 м²,147
31.9 м²,147
26.5 м²,147
70.1 м²,147
64.8 м²,147
24.3 м²,147
25.4 м²,147
87.8 м²,147
47.9 м²,147
51.7 м²,147
28.4 м²,147
27.7 м²,147
20.1 м²,147
54.6 м²,147
95.7 м²,147
33.8 м²,147
80.6 м²,147
85.6 м²,147
81.4 м²,147
78.4 м²,147
41.8 м²,147
25.3 м²,147
51.8 м²,147
25.7 м²,147
72.4 м²,147
127.2 м²,147
66.6 м²,147
77.8 м²,147
48.7 м²,147
59.5 м²,147
66.3 м²,147
27.8 м²,147
78.5 м²,147
78.6 м²,147
54.8 м²,147
135 м²,147
96.7 м²,147
97.4 м²,147
50.9 м²,147
107.1 м²,147
22.2 м²,147
69.9 м²,147
30.7 м²,147
22.1 м²,147
22.6 м²,147
48.2 м²,147
36.4 м²,147
46.1 м²,147
58.2 м²,147
106.5 м²,147
22.9 м²,147
46.7 м²,147
98.4 м²,147
67.1 м²,147
78.2 м²,147
62.3 м²,147
37.8 м²,147
59.9 м²,147
99.5 м²,147
68.3 м²,147
87.2 м²,147
73.5 м²,147
107.6 м²,147
63.7 м²,147
49.3 м²,147
48.9 м²,147
87.7 м²,147
96.3 м²,147
64.1 м²,147
91.2 м²,147
80.4 м²,147
6 м²,148
12 м²,148
8 м²,148
10 м²,148
14.5 м²,148
14.6 м²,148
10.3 м²,148
7 м²,148
11 м²,148
21.4 м²,148
14.3 м²,148
5 м²,148
20 м²,148
6.5 м²,148
19.4 м²,148
5.5 м²,148
3.7 м²,148
34 м²,148
9 м²,148
5.6 м²,148
15 м²,148
17.5 м²,148
6.6 м²,148
13 м²,148
14 м²,148
23.3 м²,148
6.4 м²,148
8.9 м²,148
9.1 м²,148
12.8 м²,148
5.4 м²,148
9.2 м²,148
12.7 м²,148
19.8 м²,148
16 м²,148
9.4 м²,148
7.1 м²,148
5.7 м²,148
6.7 м²,148
5.9 м²,148
11.9 м²,148
18 м²,148
16.8 м²,148
10.1 м²,148
9.8 м²,148
8.5 м²,148
9.5 м²,148
6.2 м²,148
17.6 м²,148
4 м²,148
6.3 м²,148
8.4 м²,148
7.5 м²,148
7.2 м²,148
11.5 м²,148
5.3 м²,148
8.8 м²,148
6.8 м²,148
6.9 м²,148
8.7 м²,148
7.8 м²,148
12.5 м²,148
10.7 м²,148
13.4 м²,148
13.1 м²,148
8.6 м²,148
8.3 м²,148
4.3 м²,148
12.6 м²,148
26 м²,148
21 м²,148
9.9 м²,148
9.3 м²,148
13.7 м²,148
9.7 м²,148
30 м²,148
12.2 м²,148
10.5 м²,148
9.6 м²,148
7.3 м²,148
4.9 м²,148
27 м²,148
3 м²,148
8.2 м²,148
17 м²,148
10.4 м²,148
7.6 м²,148
15.6 м²,148
12.1 м²,148
19.6 м²,148
16.7 м²,148
6.1 м²,148
4.2 м²,148
5.8 м²,148
10.2 м²,148
2 м²,148
10.9 м²,148
14.7 м²,148
14.4 м²,148
25 м²,148
13.9 м²,148
10.6 м²,148
36 м²,148
5.2 м²,148
15.3 м²,148
13.6 м²,148
18.9 м²,148
12.4 м²,148
16.9 м²,148
20.4 м²,148
8.1 м²,148
31 м²,148
2.3 м²,148
22 м²,148
4.5 м²,148
32.6 м²,148
17.4 м²,148
15.5 м²,148
97.3 м²,148
11.4 м²,148
11.8 м²,148
19 м²,148
13.3 м²,148
11.2 м²,148
45.5 м²,148
35 м²,148
14.9 м²,148
41 м²,148
13.2 м²,148
12.9 м²,148
14.2 м²,148
7.9 м²,148
7.4 м²,148
24 м²,148
15.1 м²,148
18.4 м²,148
13.8 м²,148
11.3 м²,148
22.3 м²,148
10.8 м²,148
19.9 м²,148
11.1 м²,148
22.8 м²,148
18.1 м²,148
15.4 м²,148
26.5 м²,148
32.4 м²,148
23 м²,148
27.8 м²,148
28.7 м²,148
20.9 м²,148
17.2 м²,148
24.5 м²,148
19.5 м²,148
18.3 м²,148
23.4 м²,148
18.8 м²,148
17.8 м²,148
21.6 м²,148
4.1 м²,148
16.1 м²,148
5.1 м²,148
16.4 м²,148
24.4 м²,148
14.8 м²,148
16.2 м²,148
11.7 м²,148
17.7 м²,148
19.2 м²,148
17.9 м²,148
12.3 м²,148
21.9 м²,148
36.6 м²,148
25.3 м²,148
20.7 м²,148
19.3 м²,148
20.3 м²,148
1 из 5,149
3 из 9,149
2 из 6,149
1 из 10,149
8 из 9,149
1 из 1,149
4 из 29,149
3 из 5,149
8 из 8,149
1,149
1 из 24,149
1 из 4,149
6 из 14,149
4 из 9,149
1 из 17,149
16 из 18,149
1 из 18,149
18 из 30,149
4 из 20,149
17 из 20,149
12 из 14,149
2 из 5,149
2 из 3,149
19 из 25,149
12 из 17,149
15 из 16,149
6 из 10,149
15 из 15,149
9 из 9,149
8 из 24,149
2 из 4,149
4 из 5,149
3 из 16,149
5,149
1 из 2,149
4 из 21,149
18 из 19,149
16 из 16,149
3 из 15,149
10 из 20,149
5 из 5,149
17 из 19,149
21 из 21,149
15 из 17,149
1 из 6,149
2 из 9,149
2,149
14 из 24,149
12 из 16,149
2 из 2,149
8 из 10,149
7 из 17,149
13 из 17,149
5 из 9,149
8 из 16,149
20 из 25,149
7,149
3 из 4,149
3 из 24,149
11 из 16,149
19 из 19,149
23 из 25,149
8 из 14,149
14 из 15,149
6 из 21,149
5 из 14,149
4 из 6,149
4 из 16,149
15 из 18,149
14 из 19,149
5 из 12,149
2 из 17,149
8 из 11,149
7 из 9,149
13 из 16,149
6 из 16,149
14 из 18,149
2 из 15,149
8 из 12,149
6 из 8,149
3 из 3,149
12 из 13,149
1 из 3,149
5 из 10,149
7 из 8,149
10 из 13,149
5 из 16,149
6 из 20,149
10 из 11,149
3 из 10,149
2 из 10,149
9 из 25,149
3 из 12,149
16 из 20,149
6 из 9,149
4 из 8,149
21 из 24,149
9 из 14,149
10 из 19,149
16 из 17,149
9 из 10,149
4 из 17,149
1 из 12,149
2 из 13,149
1 из 9,149
2 из 18,149
2 из 25,149
18 из 25,149
2 из 12,149
5 из 17,149
8 из 17,149
9 из 12,149
14 из 16,149
32 из 36,149
11 из 22,149
15 из 28,149
8 из 18,149
14 из 17,149
3 из 18,149
3 из 25,149
9 из 20,149
14 из 14,149
9 из 24,149
4 из 10,149
6 из 17,149
5 из 7,149
7 из 14,149
12 из 15,149
2 из 16,149
7 из 10,149
2 из 24,149
6 из 12,149
3 из 6,149
15 из 19,149
4 из 14,149
8 из 19,149
9 из 16,149
8 из 25,149
2 из 14,149
10 из 16,149
7 из 12,149
5 из 13,149
12 из 24,149
7 из 18,149
4 из 12,149
12 из 20,149
11 из 17,149
7 из 25,149
18 из 18,149
7 из 22,149
4 из 4,149
5 из 8,149
17 из 18,149
6 из 18,149
4 из 25,149
5 из 25,149
10 из 10,149
5 из 15,149
9 из 17,149
19 из 27,149
3 из 7,149
11 из 13,149
12 из 18,149
18 из 20,149
15 из 24,149
22 из 22,149
5 из 6,149
16 из 22,149
7 из 19,149
2 из 8,149
7 из 13,149
1 из 16,149
10 из 12,149
1 из 8,149
10 из 14,149
16 из 28,149
13 из 14,149
7 из 16,149
1 из 14,149
6 из 6,149
16 из 23,149
3 из 14,149
11 из 14,149
25 из 25,149
18 из 44,149
6 из 24,149
14 из 27,149
17 из 23,149
9 из 11,149
14 из 20,149
8 из 13,149
14 из 22,149
15 из 20,149
23 из 27,149
12 из 12,149
19 из 24,149
4 из 19,149
8 из 20,149
8 из 15,149
9 из 18,149
5 из 22,149
2 из 7,149
23 из 30,149
17 из 24,149
13 из 31,149
12 из 22,149
3 из 17,149
18 из 21,149
19 из 21,149
12 из 25,149
6 из 7,149
5 из 23,149
16 из 19,149
17 из 17,149
13 из 18,149
6 из 25,149
10 из 24,149
10 из 25,149
2 из 30,149
6 из 11,149
37 из 46,149
16 из 24,149
30 из 37,149
7 из 11,149
17 из 32,149
2 из 22,149
27 из 30,149
4 из 11,149
16 из 64,149
2 из 33,149
17 из 27,149
46 из 48,149
15 из 22,149
17 из 21,149
30 из 48,149
2 из 26,149
3 из 23,149
3 из 13,149
9 из 15,149
29 из 32,149
14 из 21,149
11 из 31,149
3 из 11,149
3 из 29,149
22 из 25,149
24 из 25,149
1 из 23,149
11 из 12,149
12 из 21,149
9 из 23,149
17 из 33,149
10 из 15,149
7 из 15,149
16 из 25,149
17 из 25,149
2 из 11,149
5 из 19,149
3 из 8,149
3 из 19,149
23 из 23,149
7 из 7,149
7 из 24,149
10 из 18,149
6 из 19,149
14 из 25,149
12 из 28,149
9 из 26,149
11 из 20,149
10 из 22,149
5 из 20,149
20 из 21,149
4 из 18,149
13 из 15,149
изолированные,150
смежные,150
изолированные,150
смежные,150
совмещенный,151
на улице,151
раздельный,151
в доме,151
совмещенный,151
раздельный,151
в доме,151
на улице,151
во двор,152
на улицу,152
на улицу,152
на солнечную сторону,152
во двор,152
во двор,152
на солнечную сторону,152
на солнечную сторону,152
на улицу,152
во двор,152
на улицу,152
на солнечную сторону,152
косметический,153
евро,153
дизайнерский,153
требует ремонта,153
кухня,154
хранение одежды,154
спальные места,154
кухня,154
кухня,154
хранение одежды,154
Кухня,154
Ванная,154
Шкафы,154
Кухня,154
Ванная,154
Шкафы,154
Спальные места,154
кухня,154
спальные места,154
хранение одежды,154
спальные места,154
хранение одежды,154
спальные места,154
свободная,155
возможна ипотека,155
продажа доли,155
договор долевого участия,155
договор ЖСК,155
альтернативная,155
переуступка,155
возможна ипотека,156
продажа доли,156
возможна ипотека,156
аукцион,156
аукцион,156
панельный,157
кирпичный,157
монолитный,157
блочный,157
Кирпичный,157
монолитно-кирпичный,157
Панельный,157
деревянный,157
1968,158
2005,158
1956,158
1987,158
1985,158
1975,158
2024,158
2013,158
1964,158
1978,158
2003,158
2012,158
2021,158
2019,158
1992,158
1990,158
2000,158
1974,158
1961,158
1973,158
2022,158
2015,158
1984,158
1981,158
2020,158
1982,158
1989,158
1983,158
2023,158
1962,158
1971,158
2007,158
2017,158
1998,158
1986,158
1972,158
1969,158
1904,158
1970,158
1997,158
1965,158
2016,158
1945,158
2009,158
1952,158
1966,158
1958,158
2014,158
2004,158
1980,158
1996,158
1979,158
1995,158
1988,158
1976,158
1963,158
1977,158
1917,158
2008,158
1994,158
2006,158
1944,158
1960,158
2011,158
2018,158
1993,158
1841,158
2002,158
1967,158
1959,158
1900,158
2010,158
27,158
1946,158
0,158
1881,158
1953,158
1991,158
1955,158
2001,158
1912,158
1950,158
1947,158
1901,158
1999,158
1939,158
1910,158
1936,158
1931,158
1930,158
1949,158
1935,158
5,159
2,159
9,159
6,159
1,159
10,159
29,159
8,159
24,159
14,159
17,159
18,159
30,159
20,159
3,159
25,159
16,159
15,159
4,159
21,159
19,159
4 и больше,159
7,159
12,159
11,159
13,159
36,159
22,159
28,159
27,159
23,159
44,159
31,159
46,159
37,159
32,159
64,159
33,159
48,159
26,159
нет,160
1,160
4,160
2,160
3,160
нет,161
4,161
1,161
3,161
2,161
газ,162
мусоропровод,162
консьерж,162
газ,162
мусоропровод,162
газ,162
консьерж,162
консьерж,162
мусоропровод,162
консьерж,162
мусоропровод,162
газ,162
открытая во дворе,163
парковочное место,163
на улице,163
открытая во дворе,163
за шлагбаумом во дворе,163
гараж,163
за шлагбаумом во дворе,163
на улице,163
бесплатно для гостей,163
подземная,163
открытая во дворе,163
подземная,163
открытая во дворе,163
за шлагбаумом во дворе,163
наземная многоуровневая,163
за шлагбаумом во дворе,163
подземная,163
за шлагбаумом во дворе,163
на улице,163
бесплатная,163
на улице,163
бесплатная,163
подходит для грузового транспорта,163
подземная,163
Открытая,163
в здании,163
нет,163
подземная,163
наземная многоуровневая,163
наземная многоуровневая,163
открытая во дворе,163
наземная многоуровневая,163
открытая во дворе,163
за шлагбаумом во дворе,163
подземная,163
наземная многоуровневая,163
открытая во дворе,163
наземная многоуровневая,163
подземная,163
наземная многоуровневая,163
открытая во дворе,163
за шлагбаумом во дворе,163
подземная,163
наземная многоуровневая,163
за шлагбаумом во дворе,163
24 м²,164
33.1 м²,164
284 м²,164
47 м²,164
58 м²,164
250 м²,164
50 м²,164
180 м²,164
33.6 м²,164
32 м²,164
118 м²,164
44 м²,164
240 м²,164
120 м²,164
21 м²,164
400 м²,164
75 м²,164
91.3 м²,164
70 м²,164
143 м²,164
45 м²,164
54 м²,164
40 м²,164
34 м²,164
200 м²,164
130 м²,164
96 м²,164
149.7 м²,164
10 м²,164
6 сот.,165
8 сот.,165
13.5 сот.,165
23 сот.,165
20 сот.,165
18 сот.,165
2.5 сот.,165
10 сот.,165
9 сот.,165
1 сот.,165
7 сот.,165
2.6 сот.,165
5.6 сот.,165
30 сот.,165
12 сот.,165
16 сот.,165
5 сот.,165
2.4 сот.,165
м²,165
1090,165
3 сот.,165
4 сот.,165
Личное подсобное хозяйство (ЛПХ),166
садовое некоммерческое товарищество (СНТ),166
индивидуальное жилищное строительство (ИЖС),166
дачное некоммерческое партнёрство (ДНП),166
кирпич,167
газоблоки,167
сэндвич-панели,167
бревно,167
экспериментальные материалы,167
брус,167
89 км,168
40 км,168
26 км,168
2 км,168
17 м²,169
20 м²,169
51 м²,169
25 м²,169
70 м²,169
60 м²,169
35 м²,169
31 м²,169
32 м²,169
27 м²,169
11.6 м²,169
16.3 м²,169
18 м²,169
28 м²,169
48 м²,169
46.8 м²,169
35.3 м²,169
12 м²,169
15.2 м²,169
15 м²,169
30 м²,169
30.2 м²,169
33 м²,169
39 м²,169
45 м²,169
17.8 м²,169
40.4 м²,169
31.2 м²,169
19.3 м²,169
16.8 м²,169
16 м²,169
17.4 м²,169
19 м²,169
20.6 м²,169
9 м²,169
17.1 м²,169
54.1 м²,169
36.6 м²,169
35.4 м²,169
38 м²,169
29.9 м²,169
27.2 м²,169
17.9 м²,169
88 м²,169
15.1 м²,169
42.7 м²,169
29.4 м²,169
25.9 м²,169
26.6 м²,169
46.7 м²,169
28.7 м²,169
13 м²,169
46 м²,169
14.7 м²,169
22 м²,169
38.7 м²,169
29.6 м²,169
72 м²,169
17.3 м²,169
14.6 м²,169
26 м²,169
29.8 м²,169
29 м²,169
42 м²,169
20.8 м²,169
40.9 м²,169
36 м²,169
14.3 м²,169
18.6 м²,169
18.3 м²,169
17.7 м²,169
17.5 м²,169
55.4 м²,169
18.4 м²,169
23.2 м²,169
15.9 м²,169
40 м²,169
18.2 м²,169
10 м²,169
47.3 м²,169
24 м²,169
28.5 м²,169
27.4 м²,169
18.5 м²,169
50 м²,169
14 м²,169
11 м²,169
18.7 м²,169
18.9 м²,169
63.3 м²,169
16.1 м²,169
24.3 м²,169
66.7 м²,169
30.4 м²,169
19.2 м²,169
25.3 м²,169
18.1 м²,169
16.7 м²,169
27.7 м²,169
41 м²,169
13.7 м²,169
42.4 м²,169
13.9 м²,169
39.1 м²,169
24.8 м²,169
19.6 м²,169
28.3 м²,169
63 м²,169
34 м²,169
14.2 м²,169
44 м²,169
13.1 м²,169
21 м²,169
31.3 м²,169
8 м²,169
42.8 м²,169
74 м²,169
7.4 м²,169
64 м²,169
13.6 м²,169
12.6 м²,169
23 м²,169
19.1 м²,169
29.2 м²,169
43.2 м²,169
29.7 м²,169
41.8 м²,169
22.5 м²,169
43 м²,169
31.5 м²,169
37.7 м²,169
37 м²,169
15.8 м²,169
68 м²,169
31.8 м²,169
30.9 м²,169
30.7 м²,169
29.3 м²,169
58 м²,169
23.5 м²,169
26.4 м²,169
19.4 м²,169
27.3 м²,169
30.6 м²,169
34.2 м²,169
42.6 м²,169
41.7 м²,169
16.4 м²,169
19.5 м²,169
47.8 м²,169
41.3 м²,169
10.5 м²,169
19.8 м²,169
15.7 м²,169
33.1 м²,169
79 м²,169
27.9 м²,169
59.3 м²,169
32.6 м²,169
47.1 м²,169
74.5 м²,169
102 м²,169
12.2 м²,169
100 м²,169
23.7 м²,169
34.3 м²,169
45.6 м²,169
27.5 м²,169
41.1 м²,169
6.1 м²,169
21.1 м²,169
43.6 м²,169
95 м²,169
22.3 м²,169
11.5 м²,169
21.7 м²,169
40.5 м²,169
9.1 м²,169
19.7 м²,169
36.4 м²,169
47 м²,169
65 м²,169
33.2 м²,169
15.5 м²,169
37.2 м²,169
55 м²,169
52 м²,169
45.7 м²,169
28.4 м²,169
58.4 м²,169
14.5 м²,169
33.6 м²,169
66 м²,169
15.3 м²,169
54 м²,169
75 м²,169
39.2 м²,169
44.2 м²,169
25.4 м²,169
32.2 м²,169
36.3 м²,169
27.8 м²,169
80 м²,169
20.1 м²,169
62 м²,169
21.6 м²,169
40.2 м²,169
23.6 м²,169
29.1 м²,169
7.1 м²,169
17.2 м²,169
19.9 м²,169
8.7 м²,169
42.5 м²,169
28.2 м²,169
32.1 м²,169
8.1 м²,169
39.3 м²,169
53 м²,169
53.4 м²,169
31.1 м²,169
32.5 м²,169
22.2 м²,169
45.2 м²,169
37.1 м²,169
9.7 м²,169
10.2 м²,169
10.6 м²,169
12.5 м²,169
21.4 м²,169
11.1 м²,169
9.5 м²,169
16.5 м²,169
54.4 м²,169
25.8 м²,169
25.6 м²,169
32.4 м²,169
11.9 м²,169
42.1 м²,169
74.1 м²,169
26.8 м²,169
73.7 м²,169
33.4 м²,169
11.4 м²,169
31.9 м²,169
10.1 м²,169
11.7 м²,169
7.6 м²,169
32.9 м²,169
12.4 м²,169
10.7 м²,169
26.5 м²,169
20.5 м²,169
9.8 м²,169
9.3 м²,169
10.3 м²,169
30.1 м²,169
55.1 м²,169
11.3 м²,169
8.9 м²,169
59 м²,169
20.7 м²,169
17.6 м²,169
16.9 м²,169
11.8 м²,169
14.8 м²,169
41.6 м²,169
12.3 м²,169
34.4 м²,169
26.3 м²,169
22.4 м²,169
34.7 м²,169
13.2 м²,169
12.8 м²,169
57.2 м²,169
36.8 м²,169
24.9 м²,169
32.8 м²,169
26.9 м²,169
45.4 м²,169
51.6 м²,169
13.4 м²,169
22.9 м²,169
35.5 м²,169
8.3 м²,169
есть,170
есть,171
скважина,172
центральное,172
колодец,172
по границе участка,173
в доме,173
нет,173
выгребная яма,174
септик,174
центральная,174
нет,174
балкон,175
лоджия,175
балкон,175
лоджия,175
Лоджия,175
7 км,176
6 км,176
23 км,176
20 км,176
8 км,176
10 км,176
9 км,176
3 км,176
18 км,176
1 км,176
13 км,176
газовое,177
электрическое,177
электрическое,177
другое,177
печь,177
автономное,177
центральное,177
Автономное,177
электрическое,177
печь,177
телевидение,178
Wi-Fi,178
Wi-Fi,178
телевидение,178
телевизор,178
Wi-Fi,178
телевизор,178
магазин,179
магазин,179
аптека,179
магазин,179
аптека,179
школа,179
магазин,179
аптека,179
детский сад,179
школа,179
магазин,179
школа,179
Магазин,179
Магазин,179
Детский сад,179
Школа,179
Магазин,179
Аптека,179
Детский сад,179
Школа,179
1 месяц,180
0.5 месяц(а),180
2000 ₽,180
1000 ₽,180
1750 ₽,180
3000 ₽,180
0 месяц(а),180
10000 ₽,180
5000 ₽,180
20000 ₽,180
80 %,181
50 %,181
100 %,181
40 %,181
0 %,181
оплачивается отдельно,182
включено в платёж,182
4000 ₽/мес,183
3000 ₽/мес,183
включено в платёж,183
7500 ₽/мес,183
1000 ₽/мес,183
0 ₽/мес,183
8000 ₽/мес,183
7000 ₽/мес,183
1500 ₽/мес,183
2 ₽/мес,183
да,184
нет,184
Да,184
нет,185
да,185
Да,185
Нет,185
нет,186
да,186
20 м²,187
18 м²,187
21 м²,187
17 м²,187
26 м²,187
Гостиница,188
Квартира,188
Хостел,188
2.5 м,189
3 м,189
2.8 м,189
5.2 м,189
2.7 м,189
2.9 м,189
2.6 м,189
4 м,189
3.5 м,189
3.2 м,189
3.1 м,189
17 м,189
26 м,189
2.4 м,189
260 м,189
290 м,189
255 м,189
17.1 м,189
270 м,189
3.3 м,189
280 м,189
4.5 м,189
305 м,189
4.2 м,189
3.4 м,189
310 м,189
207 м,189
5.6 м,189
5 м,189
холодильник,190
холодильник,190
плита,190
стиральная машина,190
холодильник,190
стиральная машина,190
кондиционер,190
холодильник,190
стиральная машина,190
холодильник,190
плита,190
микроволновка,190
стиральная машина,190
телевизор,190
фен,190
холодильник,190
плита,190
микроволновка,190
стиральная машина,190
телевизор,190
фен,190
утюг,190
холодильник,190
плита,190
микроволновка,190
стиральная машина,190
телевизор,190
утюг,190
кондиционер,190
холодильник,190
плита,190
микроволновка,190
стиральная машина,190
посудомоечная машина,190
водонагреватель,190
телевизор,190
фен,190
утюг,190
кондиционер,190
холодильник,190
стиральная машина,190
посудомоечная машина,190
кондиционер,190
холодильник,190
плита,190
микроволновка,190
стиральная машина,190
водонагреватель,190
телевизор,190
холодильник,190
плита,190
микроволновка,190
стиральная машина,190
телевизор,190
кондиционер,190
холодильник,190
плита,190
микроволновка,190
стиральная машина,190
посудомоечная машина,190
телевизор,190
фен,190
утюг,190
холодильник,190
плита,190
микроволновка,190
стиральная машина,190
водонагреватель,190
телевизор,190
фен,190
утюг,190
кондиционер,190
холодильник,190
плита,190
микроволновка,190
стиральная машина,190
посудомоечная машина,190
водонагреватель,190
телевизор,190
холодильник,190
стиральная машина,190
водонагреватель,190
кондиционер,190
холодильник,190
плита,190
микроволновка,190
стиральная машина,190
телевизор,190
фен,190
утюг,190
холодильник,190
плита,190
стиральная машина,190
утюг,190
холодильник,190
плита,190
микроволновка,190
стиральная машина,190
водонагреватель,190
телевизор,190
кондиционер,190
холодильник,190
плита,190
микроволновка,190
стиральная машина,190
телевизор,190
кондиционер,190
кондиционер,190
холодильник,190
плита,190
стиральная машина,190
водонагреватель,190
телевизор,190
фен,190
холодильник,190
стиральная машина,190
телевизор,190
холодильник,190
микроволновка,190
телевизор,190
холодильник,190
плита,190
микроволновка,190
стиральная машина,190
посудомоечная машина,190
телевизор,190
холодильник,190
плита,190
стиральная машина,190
телевизор,190
фен,190
утюг,190
кондиционер,190
холодильник,190
плита,190
микроволновка,190
стиральная машина,190
посудомоечная машина,190
телевизор,190
холодильник,190
плита,190
стиральная машина,190
телевизор,190
кондиционер,190
холодильник,190
плита,190
микроволновка,190
стиральная машина,190
телевизор,190
утюг,190
кондиционер,190
холодильник,190
кондиционер,190
водонагреватель,190
кондиционер,190
холодильник,190
стиральная машина,190
посудомоечная машина,190
водонагреватель,190
кондиционер,190
холодильник,190
стиральная машина,190
водонагреватель,190
кондиционер,190
посудомоечная машина,190
посудомоечная машина,190
водонагреватель,190
кондиционер,190
стиральная машина,190
посудомоечная машина,190
холодильник,190
стиральная машина,190
посудомоечная машина,190
холодильник,190
водонагреватель,190
стиральная машина,190
стиральная машина,190
водонагреватель,190
холодильник,190
стиральная машина,190
посудомоечная машина,190
водонагреватель,190
кондиционер,190
холодильник,190
посудомоечная машина,190
водонагреватель,190
холодильник,190
посудомоечная машина,190
кондиционер,190
стиральная машина,190
водонагреватель,190
кондиционер,190
стиральная машина,190
кондиционер,190
холодильник,190
посудомоечная машина,190
стиральная машина,190
посудомоечная машина,190
плита,190
кондиционер,190
холодильник,190
водонагреватель,190
детская площадка,191
закрытая территория,191
детская площадка,191
спортивная площадка,191
детская площадка,191
спортивная площадка,191
закрытая территория,191
детская площадка,191
закрытая территория,191
спортивная площадка,191
закрытая территория,191
спортивная площадка,191
2,192
1,192
4,192
6,192
12,192
3,192
15,192
5,192
7,192
асфальтированная дорога,193
остановка общественного транспорта,193
асфальтированная дорога,193
остановка общественного транспорта,193
асфальтированная дорога,193
остановка общественного транспорта,193
железнодорожная станция,193
остановка общественного транспорта,193
железнодорожная станция,193
8.3 сот.,194
21 м²,194
24 м²,194
6 сот.,194
12 м²,194
8 сот.,194
12 сот.,194
м²,194
55,194
20 м²,194
16 м²,194
> 30 м²,194
7.5 сот.,194
9.3 сот.,194
22 м²,194
7.3 сот.,194
18 м²,194
20 сот.,194
176.6 сот.,194
23 м²,194
15 м²,194
м²,194
166,194
м²,194
38,194
23 сот.,194
10 сот.,194
921 сот.,194
1,195
2,195
Многоуровневый паркинг,196
Подземный паркинг,196
Да,197
Нет,197
с улицы,198
со двора,198
без отделки,199
чистовая,199
предчистовая,199
офисная,199
продажа,200
в эксплуатации,201
другой,202
административное здание,202
бизнес-центр,202
жилой дом,202
есть,203
баня или сауна,204
баня или сауна,204
бассейн,204
Кирпичный,205
Металлический,205
Железобетонный,205
1 диван-кровать,206
1 двуспальная,206
1 диван-кровать,206
1 двуспальная,206
1 двуспальная,206
1 раскладное кресло,206
1 двуспальная,206
1 диван-кровать,206
2 двуспальных,206
1 диван-кровать,206
2 односпальных,206
1 диван-кровать,206
1 особо широкая,206
1 двуспальная,206
1 полуторная,206
1 двуспальная,206
2 диван-кровати,206
1 односпальный диван,206
постельное белье,207
полотенца,207
средства гигиены,207
постельное белье,207
полотенца,207
Да,208
Нет,208
не указано,209
не указано,210
нет,211
да,211
да,212
нет,212
панорамные окна,213
гардеробная,213
панорамные окна,213
гардеробная,213
есть,214
электричество,215
отопление,215
канализация,215
электричество,215
газ,215
отопление,215
канализация,215
ЖК «Жуков»,216
ЖК «Никольский Парк»,216
Мкр. «Юдинский»,216
ЖК «Режиссер»,216
ЖК «Космос»,216
ЖК «Цветной бульвар»,216
Мультиквартал CITYZEN,216
Апарт-отель «GloraX Заневский»,216
ЖК «ALPEN»,216
Рекреационный комплекс «Резиденция Рощино»,216
ЖК «Павелецкая Сити»,216
Зелёный парк,216
ЖК «Богдановский Лес»,216
ЖК «Мытищи Парк»,216
Никольские луга,216
ЖК «Горки Парк»,216
ЖК «Квартал Авиаторов»,216
ЖК «Level Нижегородская»,216
Бусиновский парк,216
ЖК «Пригород Лесное»,216
ЖК «ЦДС Новые Горизонты»,216
ЖК «2-й Иртышский»,216
ЖК «Стороны света»,216
ЖК «Level Звенигородская»,216
ЖК «Георг Ландрин»,216
ЖК «Наука»,216
ЖК «Томилино Парк»,216
МФК «Варшавские ворота»,216
Алтуфьевское 53,216
ЖК «SOUL»,216
Волжский парк,216
ЖК «Цветной город»,216
Красноказарменная 15,216
Holland park,216
ЖК «Рублевский Квартал»,216
ЖК «Расцветай в Янино»,216
ЖК «Город Первых»,216
LIFE APART Октябрьская,216
ЖК «Молжаниново»,216
Жилой мкр. «Одинбург»,216
ЖК «Люберцы»,216
ЖК «NOVA»,216
Плеханова 11,216
Апартаменты «IN2IT» (Интуит),216
ЖК «Parkolovo»,216
ЖК «Б15»,216
ЖК «Квартал Герцена»,216
Белая Дача парк,216
ЖК «Живи! В Рыбацком»,216
Ильинские луга,216
ЖК «Квартал Румянцево»,216
Одинцово-1,216
ЖК «Мурино Space»,216
ЖК «Парадный ансамбль»,216
Москворечье,216
ЖК «ЦДС Северный»,216
Матвеевский парк,216
Митинский лес,216
ЖК «Остафьево»,216
ЖК «Riga Hills» (Рига Хиллс),216
ЖК «Прибрежный Парк»,216
ЖК «Новая история»,216
ЖК «Дубровский»,216
ЖК «ЮгТаун»,216
ЖК «ID Svetlanovskiy»,216
Мкр. «Времена Года»,216
ЖК «Стремянный 2»,216
ЖК «Пулковский дом»,216
ЖК «Порто-Ново»,216
ЖК «Аннино Сити»,216
ЖК «Высота»,216
ЖК «Клевер»,216
ЖК «Уютный Новоселье»,216
ЖК «Горный квартал»,216
ЖК «ВЕРЕВО-СИТИ»,216
ЖК «Небо»,216
ЖК «Смородина»,216
Квартал «Спутник-1»,216
ЖК «Парк Победы 2»,216
Жилой район «Южные кварталы»,216
ЖК «Рубеж»,216
ЖК «Самолет»,216
ЖК «Северный квартал»,216
ЖК «Южная Нева»,216
ЖК «Рекорд»,216
ЖК «iD Kudrovo II»,216
ЖК «Гринсайд»,216
ЖК «Невский парк»,216
ЖК «Культура»,216
ЖК «Terle park»,216
ЖК «Сапфир»,216
ЖК «Симфония»,216
ЖК «Фриссон»,216
ЖК «Форест»,216
ЖК «Холмогоры»,216
ЖК «Пушкин»,216
ЖК «ЗВЕЗДЫ»,216
ЖК «Зеленая территория»,216
Лаунж-дома «Авторы на Большой»,216
ЖК «Дзенпарк»,216
ЖК «Чехов»,216
ЖК «Утро на Репина»,216
Жилой квартал «Республика»,216
ЖК «Суджук-Кале»,216
ЖК «Хрустальные ключи»,216
ЖК «River Park»,216
ЖК «Пять континентов»,216
ЖК «Бунинские кварталы»,216
Жилой район «Первое место»,216
Мкр. «Любимово»,216
ЖК «Ромашки»,216
ЖК «Тридевяткино царство»,216
ЖК «Европейский берег 2.0»,216
ЖК «Десяткино 2.0»,216
ЖР «Айвазовский City»,216
Жилой район «Патрики»,216
Жилой район «Республики 205»,216
Мкр. «Новый город»,216
ЖК «Славяноград»,216
Дома по ул. Сайханова,216
ЖК «Европейский-3»,216
ЖК «Счастье в Тюмени»,216
ЖК «105 микрорайон»,216
Апарт-комплекс «GARDEN»,216
Дом по ул. Зураба Магкаева,216
83,216
корп. 6А,216
ЖК «Гвардейский 3.0»,216
ЖК «Тихие зори»,216
ЖК по улице Измайлова,216
ЖК «Западный»,216
Дома по ул. Курсантов Кировцев,216
29,216
Жилой микрорайон «Черемушки»,216
ЖК «Облака»,216
ЖК «Лесная сказка»,216
ЖК «Фермаполис»,216
ЖК «Свобода»,216
Кедровый берег,216
Мкр. «Теплые Края»,216
ЖК «Притяжение»,216
ЖР «Гармония» (12 участок),216
ЖК «Альпы»,216
ЖК «Гринвуд»,216
Клубный квартал «Архитектор»,216
ЖК «Днепровская Роща»,216
ЖК «Ракурс»,216
ЖК по ул. Хамзата Орзамиева,216
ЖК «Нахимовский квартал II»,216
ЖК «Ласточкино»,216
ЖК «Династия»,216
ЖК «Римский»,216
ЖК «Зеленый театр»,216
ЖК «Гулливер»,216
ЖК «Ласкино-Парк»,216
другое,218
ДДУ по ФЗ 214,218
Сдача в 3 кв. 2024,219
Сдача в 1 кв. 2026,219
Сдача в 4 кв. 2026,219
Сдача в 2 кв. 2026,219
Сдача в 3 кв. 2027,219
Сдан 2 кв. 2024,219
Сдача в 4 кв. 2027,219
Сдача в 2 кв. 2027,219
Сдача в 4 кв. 2025,219
Сдача в 3 кв. 2025,219
Сдача в 2 кв. 2025,219
Сдача в 1 кв. 2027,219
Сдан 3 кв. 2023,219
Сдача в 1 кв. 2028,219
Сдан 4 кв. 2022,219
Сдача в 3 кв. 2025 — 4 кв. 2026,219
Сдача в 3 кв. 2026,219
Сдан 4 кв. 2023,219
Сдача в 1 кв. 2025,219
Сдача в 3 кв. 2024 — 4 кв. 2024,219
Сдача в 4 кв. 2024,219
Сдан 2 кв. 2023,219
Сдан 2 кв. 2022,219
Сдача в 3 кв. 2023 — 3 кв. 2025,219
Сдан 1 кв. 2024,219
Сдача в 2 кв. 2025 — 3 кв. 2025,219
Сдача в 4 кв. 2028,219
Сдача в 3 кв. 2023 — 3 кв. 2024,219
Сдача в 4 кв. 2025 — 4 кв. 2026,219
Сдан 4 кв. 2021,219
Сдача в 2 кв. 2025 — 2 кв. 2026,219
Сдача в 2 кв. 2026 — 1 кв. 2027,219
Сдача в 2 кв. 2026 — 4 кв. 2027,219
Сдан 4 кв. 2020,219
Сдан 1 кв. 2023,219
Сдан 2 кв. 2020,219
Сдача в 2 кв. 2024,219
Сдан 3 кв. 2024,219
Сдан 1 кв. 2017,219
Сдан 3 кв. 2021,219
Сдача в 1 кв. 2017 — 2 кв. 2025,219
есть сданные,219
Сдача в 3 кв. 2025 — 4 кв. 2025,219
Сдача в 1 кв. 2025 — 2 кв. 2026,219
Сдача в 4 кв. 2022,219
Сдача в 2 кв. 2024 — 2 кв. 2027,219
Сдан 4 кв. 2019,219
прямая,220
субаренда,220
есть,221
11 мес.,222
6 мес.,222
20,223
30,223
25,223
100,223
первая линия,224
возможна,225
коммунальные,226
эксплуатационные,226
Турция,227
США,227
Абхазия,227
Ялова,228
Сухуми,228
На длительный срок,229
Посуточно,229
1,231
2,231
Да,232
Море,233
озеро или река,233
Горы,233
На город,233
Закрытая территория,234
Закрытая территория,234
Детская площадка,234
Нет,237
Есть,238
Можно оплатить в рублях,239
Доступна дистанционная покупка,239
Да,240
25 кВт,241
помещение сдано,242
кабинетная,243
открытая,243
B,244
57 км,245
5 км,245
12 км,245
70 %,246
50 %,246
Услуги сдачи в аренду,248
Бытовая техника,249
Кондиционер,249
Гардеробная,249
Панорамные окна,249
