Name,Value
Количество комнат,3
Общая площадь,59 м²
Площадь кухни,6 м²
Этаж,1 из 5
Тип комнат,изолированные, смежные
Санузел,совмещенный
Окна,во двор, на улицу
Ремонт,косметический
Мебель,кухня, хранение одежды, спальные места
Способ продажи,свободная
Вид сделки,возможна ипотека
Тип дома,панельный
Год постройки,1968
Этажей в доме,5
Пассажирский лифт,нет
Грузовой лифт,нет
В доме,газ
Парковка,открытая во дворе
Количество комнат,2
Площадь дома,24 м²
Площадь участка,6 сот.
Этажей в доме,2
Категория земель,Личное подсобное хозяйство (ЛПХ)
Материал стен,кирпич
Способ продажи,возможна ипотека
Расстояние от МКАД,89 км
Количество комнат,студия
Общая площадь,17 м²
Жилая площадь,17 м²
Этаж,3 из 9
Окна,на улицу, на солнечную сторону
Мебель,кухня
Тип дома,кирпичный
Этажей в доме,9
Пассажирский лифт,1
Площадь дома,33.1 м²
Площадь участка,8 сот.
Категория земель,садовое некоммерческое товарищество (СНТ)
Материал стен,газоблоки
Терраса или веранда,есть
Санузел,на улице
Электричество,есть
Водоснабжение,скважина
Газ,по границе участка
Канализация,выгребная яма
Парковка,парковочное место
Общая площадь,109 м²
Площадь кухни,12 м²
Этаж,2 из 6
Балкон или лоджия,балкон
Тип комнат,изолированные
Санузел,раздельный
Окна,во двор
Ремонт,евро
Год постройки,2005
Этажей в доме,6
Количество комнат,5
Площадь дома,284 м²
Площадь участка,13.5 сот.
Категория земель,индивидуальное жилищное строительство (ИЖС)
Санузел,в доме
Газ,в доме
Канализация,септик
Расстояние до центра города,7 км
Количество комнат,4
Площадь дома,47 м²
Площадь участка,23 сот.
Этажей в доме,1
Материал стен,сэндвич-панели
Отопление,газовое
Водоснабжение,центральное
Канализация,центральная
Интернет и ТВ,телевидение
Инфраструктура,магазин
Площадь дома,58 м²
Площадь участка,20 сот.
Год постройки,1956
Материал стен,бревно
Канализация,нет
Расстояние до центра города,6 км
Общая площадь,50 м²
Площадь кухни,8 м²
Жилая площадь,20 м²
Этаж,1 из 10
Ремонт,дизайнерский
Залог,1 месяц
Комиссия,80 %
По счетчикам,оплачивается отдельно
Другие ЖКУ,4000 ₽/мес
Можно с детьми,да
Можно с животными,нет
Можно курить,нет
Год постройки,1987
Этажей в доме,10
Площадь дома,250 м²
Площадь участка,18 сот.
Расстояние до центра города,23 км
Общая площадь,64.9 м²
Жилая площадь,51 м²
Этаж,8 из 9
Балкон или лоджия,лоджия
Тип дома,монолитный
Год постройки,1985
Площадь комнаты,20 м²
Расположение,Гостиница
Этаж,1 из 1
Количество комнат,1
Общая площадь,31 м²
Жилая площадь,25 м²
Высота потолков,2.5 м
Техника,холодильник
Год постройки,1975
Двор,детская площадка
Площадь кухни,10 м²
Этаж,4 из 29
Техника,холодильник, плита, стиральная машина
Интернет и ТВ,Wi-Fi
Залог,0.5 месяц(а)
Комиссия,50 %
Другие ЖКУ,3000 ₽/мес
Количество гостей,2
Можно с детьми,нет
Тип дома,блочный
Этажей в доме,29
Пассажирский лифт,4
Грузовой лифт,4
Площадь дома,50 м²
Год постройки,2024
Материал стен,экспериментальные материалы
Отопление,электрическое
Интернет и ТВ,Wi-Fi, телевидение
Транспортная доступность,асфальтированная дорога, остановка общественного транспорта
Инфраструктура,магазин, аптека
Расстояние до центра города,20 км
Площадь,8.3 сот.
Расстояние до центра города,8 км
Площадь комнаты,18 м²
Комнат в квартире,1
Этаж,3 из 5
Тип дома,Кирпичный
Площадь,21 м²
Тип машиноместа,Многоуровневый паркинг
Охрана,Да
Общая площадь,90 м²
Жилая площадь,70 м²
Этаж,8 из 8
Техника,холодильник, стиральная машина
Интернет и ТВ,телевизор
Другие ЖКУ,включено в платёж
Этажей в доме,8
Площадь участка,2.5 сот.
Инфраструктура,магазин, аптека, школа
Способ продажи,продажа доли
Вход,с улицы
Общая площадь,252.8 м²
Отделка,без отделки
Тип сделки,продажа
Готовность,в эксплуатации
Тип здания,другой
Парковка,на улице
Вход,со двора
Отдельный вход,есть
Общая площадь,112.3 м²
Этаж,1
Высота потолков,3 м
Отделка,чистовая
Общая площадь,38 м²
Этаж,1 из 24
Техника,кондиционер, холодильник, стиральная машина
Тип дома,монолитно-кирпичный
Год постройки,2013
Этажей в доме,24
Грузовой лифт,1
Двор,закрытая территория, детская площадка, спортивная площадка
Парковка,открытая во дворе, за шлагбаумом во дворе
Площадь дома,180 м²
Площадь участка,10 сот.
Материал стен,брус
Отопление,электрическое, другое
Парковка,гараж
Инфраструктура,магазин, аптека, детский сад, школа
Расстояние до центра города,10 км
Общая площадь,98 м²
Жилая площадь,60 м²
Этаж,1 из 4
Другие ЖКУ,7500 ₽/мес
Количество гостей,1
Парковка,за шлагбаумом во дворе
Площадь дома,33.6 м²
Для отдыха,баня или сауна
Год постройки,1964
Отопление,печь
Транспортная доступность,асфальтированная дорога
Общая площадь,90.3 м²
Площадь кухни,14.5 м²
Этаж,6 из 14
Этажей в доме,14
Площадь дома,32 м²
Год постройки,1978
Ремонт,требует ремонта
Водоснабжение,колодец
Газ,нет
Площадь дома,118 м²
Площадь участка,9 сот.
Год постройки,2003
Транспортная доступность,остановка общественного транспорта
Инфраструктура,магазин, школа
Площадь дома,44 м²
Год постройки,2012
Общая площадь,60 м²
Этаж,4 из 9
Балкон или лоджия,балкон, лоджия
Окна,во двор, на солнечную сторону
Год постройки,2021
Площадь,24 м²
Тип гаража,Кирпичный
Охрана,Нет
Кровати,1 диван-кровать
Общая площадь,34 м²
Этаж,1 из 17
Техника,холодильник, плита, микроволновка, стиральная машина, телевизор, фен
Комфорт,постельное белье, полотенца, средства гигиены
Залог,2000 ₽
Возможна помесячная аренда,Да
Заезд после,не указано
Выезд до,не указано
Разрешены вечеринки,нет
Есть отчётные документы,да
Этажей в доме,17
Парковка,на улице, бесплатно для гостей
Этаж,16 из 18
Комиссия,100 %
Другие ЖКУ,1000 ₽/мес
Этажей в доме,18
Парковка,подземная, открытая во дворе
Кровати,1 двуспальная
Общая площадь,40.5 м²
Этаж,1 из 18
Техника,холодильник, плита, микроволновка, стиральная машина, телевизор, фен, утюг
Залог,1000 ₽
Количество гостей,4
Есть отчётные документы,нет
Кровати,1 диван-кровать, 1 двуспальная
Общая площадь,39.5 м²
Этаж,18 из 30
Техника,холодильник, плита, микроволновка, стиральная машина, телевизор, утюг
Залог,1750 ₽
Этажей в доме,30
Кровати,1 двуспальная, 1 раскладное кресло
Общая площадь,31.8 м²
Этаж,4 из 20
Этажей в доме,20
Кровати,1 двуспальная, 1 диван-кровать
Общая площадь,41.3 м²
Этаж,17 из 20
Техника,кондиционер, холодильник, плита, микроволновка, стиральная машина, посудомоечная машина, водонагреватель, телевизор, фен, утюг
Общая площадь,67.8 м²
Площадь кухни,14.6 м²
Жилая площадь,35 м²
Этаж,12 из 14
Дополнительно,панорамные окна
Высота потолков,2.8 м
Тёплый пол,есть
Техника,кондиционер, холодильник, стиральная машина, посудомоечная машина
Год постройки,2019
Двор,детская площадка, спортивная площадка
Парковка,подземная, открытая во дворе, за шлагбаумом во дворе
Площадь,6 сот.
Расстояние от МКАД,40 км
Общая площадь,45 м²
Жилая площадь,31 м²
Этаж,2 из 5
Общая площадь,70 м²
Год постройки,1992
Общая площадь,54 м²
Площадь кухни,10.3 м²
Жилая площадь,32 м²
Этаж,2 из 3
Окна,на солнечную сторону
Этажей в доме,3
Парковка,наземная многоуровневая, за шлагбаумом во дворе
Кровати,2 двуспальных, 1 диван-кровать
Этаж,19 из 25
Техника,кондиционер, холодильник, плита, микроволновка, стиральная машина, водонагреватель, телевизор
Комфорт,постельное белье, полотенца
Залог,3000 ₽
Количество гостей,6
Можно с животными,да
Этажей в доме,25
Площадь комнаты,21 м²
Комнат в квартире,2
Расположение,Квартира
Этаж,12 из 17
Общая площадь,42 м²
Площадь кухни,7 м²
Жилая площадь,27 м²
Окна,на улицу
Общая площадь,36 м²
Мебель,кухня, хранение одежды
Техника,холодильник, плита, микроволновка, стиральная машина, телевизор
Залог,0 месяц(а)
Общая площадь,38.6 м²
Этаж,15 из 16
Техника,кондиционер, холодильник, плита, микроволновка, стиральная машина, посудомоечная машина, телевизор, фен, утюг
Этажей в доме,16
Количество комнат,6
Площадь дома,240 м²
Коммуникации,электричество, отопление, канализация
Техника,холодильник, плита, микроволновка, стиральная машина, водонагреватель, телевизор, фен, утюг
Залог,10000 ₽
Количество гостей,12
Разрешены вечеринки,да
Общая площадь,68 м²
Площадь кухни,11 м²
Этаж,6 из 10
Год постройки,1990
Площадь дома,120 м²
Площадь участка,1 сот.
Год постройки,2000
Коммуникации,электричество, газ, отопление, канализация
Техника,кондиционер, холодильник, плита, микроволновка, стиральная машина, посудомоечная машина, водонагреватель, телевизор
Другие ЖКУ,0 ₽/мес
Общая площадь,73 м²
Площадь кухни,21.4 м²
Этаж,15 из 15
Высота потолков,5.2 м
Отделка,предчистовая
Способ продажи,договор долевого участия
Этажей в доме,15
Общая площадь,42.9 м²
Площадь кухни,14.3 м²
Жилая площадь,11.6 м²
Этаж,9 из 9
Дополнительно,гардеробная, панорамные окна
Высота потолков,2.7 м
Название новостройки,ЖК «Жуков»
Корпус, строение,3 этап
Тип участия,другое
Срок сдачи,Сдача в 3 кв. 2024
Двор,закрытая территория, детская площадка
Расположение,Хостел
Общая площадь,28 м²
Жилая площадь,16.3 м²
Этаж,8 из 24
Дополнительно,гардеробная
Высота потолков,2.9 м
Название новостройки,ЖК «Никольский Парк»
Корпус, строение,Дом 6
Тип участия,ДДУ по ФЗ 214
Срок сдачи,Сдача в 1 кв. 2026
Грузовой лифт,3
Парковка,подземная, за шлагбаумом во дворе
Площадь,12 м²
Тип гаража,Металлический
Общая площадь,40 м²
Высота потолков,2.6 м
Отделка,офисная
Тип аренды,прямая
Арендные каникулы,есть
Минимальный срок аренды,11 мес.
Тип здания,административное здание
Общая площадь,20 м²
Этаж,2 из 4
Техника,холодильник, стиральная машина, водонагреватель
Этажей в доме,4
Общая площадь,21 м²
Площадь кухни,5 м²
Год постройки,1974
Общая площадь,32 м²
Жилая площадь,18 м²
Этаж,4 из 5
Год постройки,1961
Общая площадь,84 м²
Год постройки,1973
Общая площадь,66.8 м²
Площадь кухни,20 м²
Этаж,3 из 16
Общая площадь,6238.7 м²
Этаж,5
Отопление,автономное
Парковка,на улице, бесплатная
Количество парковочных мест,20
Площадь,8 сот.
Расстояние от МКАД,26 км
Этаж,1 из 2
Площадь,12 сот.
Расстояние до центра города,9 км
Общая площадь,650 м²
Тип аренды,субаренда
Высота потолков,4 м
Отопление,центральное
Тип здания,бизнес-центр
Удалённость от дороги,первая линия
Парковка,на улице, бесплатная, подходит для грузового транспорта
Количество парковочных мест,30
Общая площадь,49.6 м²
Площадь кухни,6.5 м²
Название новостройки,Мкр. «Юдинский»
Корпус, строение,Дом 1.2
Срок сдачи,Сдача в 4 кв. 2026
Парковка,подземная
Общая площадь,61.7 м²
Площадь кухни,19.4 м²
Жилая площадь,28 м²
Этаж,4 из 21
Этажей в доме,21
Пассажирский лифт,2
Общая площадь,58.6 м²
Жилая площадь,48 м²
Этаж,18 из 19
Год постройки,2022
Этажей в доме,19
Общая площадь,56.8 м²
Жилая площадь,46.8 м²
Этаж,16 из 16
Год постройки,2015
Общая площадь,63 м²
Площадь кухни,5.5 м²
Год постройки,1984
Площадь дома,21 м²
Техника,кондиционер, холодильник, плита, микроволновка, стиральная машина, телевизор, фен, утюг
Транспортная доступность,асфальтированная дорога, остановка общественного транспорта, железнодорожная станция
Залог,5000 ₽
Количество гостей,3
Общая площадь,35 м²
Этаж,3 из 15
Окна,во двор, на улицу, на солнечную сторону
Общая площадь,36.8 м²
Этаж,10 из 20
Общая площадь,63.9 м²
Этаж,5 из 5
Год постройки,1981
Общая площадь,22.5 м²
Высота потолков,3.5 м
Общая площадь,38.3 м²
Этаж,17 из 19
Год постройки,2020
Аренда части,возможна
Минимальный срок аренды,6 мес.
Платежи включены,коммунальные
Тип здания,жилой дом
Количество комнат,свободная планировка
Общая площадь,388.9 м²
Этаж,21 из 21
Название новостройки,ЖК «Режиссер»
Корпус, строение,Дом 100/6
Страна,Турция
Город,Ялова
Срок аренды,На длительный срок
Площадь, м²,55
Количество санузлов,1
Лифт,Да
Мебель,Кухня, Ванная, Шкафы
Инфраструктура,Магазин
Вид из окон,Море, озеро или река
Во дворе,Закрытая территория
Парковка,Открытая
Отопление,Автономное
До аэропорта, км,65
Можно с детьми,Да
До водоёма, м,200
Можно с животными,Да
Разрешены вечеринки и мероприятия,Нет
Право на ВНЖ,Есть
Условия покупки,Можно оплатить в рублях
Онлайн-показ,Да
Общая площадь,65 м²
Общая площадь,100 м²
Высота потолков,3.2 м
Мощность электросети,25 кВт
Арендаторы,помещение сдано
Количество парковочных мест,25
Общая площадь,56.4 м²
Площадь кухни,3.7 м²
Жилая площадь,35.3 м²
Этаж,15 из 17
Санузел,совмещенный, раздельный
Корпус, строение,Дом 5
Грузовой лифт,2
Количество комнат,7
Площадь дома,400 м²
Этажей в доме,4 и больше
Техника,холодильник, плита, стиральная машина, утюг
Расстояние от МКАД,2 км
Количество гостей,15
Площадь дома,75 м²
Площадь участка,7 сот.
Техника,холодильник, плита, микроволновка, стиральная машина, водонагреватель, телевизор
Площадь,20 м²
Общая площадь,22 м²
Этаж,1 из 6
Техника,кондиционер, холодильник, плита, микроволновка, стиральная машина, телевизор
Жилая площадь,12 м²
Техника,кондиционер
Общая площадь,28.6 м²
Жилая площадь,15.2 м²
Площадь дома,91.3 м²
Площадь участка,2.6 сот.
Общая площадь,96.5 м²
Парковка,в здании
Общая площадь,20.5 м²
Жилая площадь,15 м²
Этаж,2 из 9
Год постройки,1982
Общая площадь,110 м²
Планировка,кабинетная
Парковка,нет
Общая площадь,61.6 м²
Этаж,2
Планировка,открытая
Платежи включены,эксплуатационные
Класс здания,B
Площадь,16 м²
Тип машиноместа,Подземный паркинг
Площадь,> 30 м²
Тип гаража,Железобетонный
Общая площадь,82.6 м²
Год постройки,1989
Площадь,7.5 сот.
Общая площадь,108 м²
Площадь кухни,34 м²
Этаж,14 из 24
Название новостройки,ЖК «Космос»
Корпус, строение,Секция 1
Площадь,9.3 сот.
Площадь дома,70 м²
Площадь участка,5.6 сот.
Общая площадь,64 м²
Количество комнат,10 и больше
Площадь дома,143 м²
Площадь участка,30 сот.
Расстояние от КАД,57 км
Площадь комнаты,17 м²
Тип дома,Панельный
Общая площадь,53 м²
Площадь кухни,9 м²
Жилая площадь,30 м²
Этаж,12 из 16
Комиссия,40 %
Количество комнат,Свободная планировка
Площадь дома,45 м²
Площадь участка,12 сот.
Техника,кондиционер, холодильник, плита, стиральная машина, водонагреватель, телевизор, фен
Расстояние до центра города,3 км
Общая площадь,44.7 м²
Площадь кухни,5.6 м²
Жилая площадь,30.2 м²
Этаж,2 из 2
Тип комнат,смежные
По счетчикам,включено в платёж
Другие ЖКУ,8000 ₽/мес
Общая площадь,66.7 м²
Площадь кухни,15 м²
Жилая площадь,33 м²
Этаж,8 из 10
Техника,холодильник, стиральная машина, телевизор
Интернет и ТВ,Wi-Fi, телевизор
Площадь дома,54 м²
Для отдыха,баня или сауна, бассейн
Расстояние от КАД,5 км
Площадь,22 м²
Площадь дома,40 м²
Техника,холодильник, микроволновка, телевизор
Площадь дома,34 м²
Площадь участка,16 сот.
Отопление,электрическое, печь
Транспортная доступность,остановка общественного транспорта, железнодорожная станция
Общая площадь,41.2 м²
Площадь,7.3 сот.
Общая площадь,90.2 м²
Площадь кухни,17.5 м²
Жилая площадь,39 м²
Этаж,7 из 17
Название новостройки,ЖК «Цветной бульвар»
Корпус, строение,Дом 2
Срок сдачи,Сдача в 2 кв. 2026
Площадь,18 м²
Площадь,20 сот.
Кровати,2 односпальных, 1 диван-кровать, 1 особо широкая
Общая площадь,79.9 м²
Этаж,13 из 17
Общая площадь,34465 м²
Площадь дома,200 м²
Расстояние от КАД,12 км
Размер комиссии,70 %
Другие ЖКУ,7000 ₽/мес
Общая площадь,43.7 м²
Этаж,5 из 9
Год постройки,1983
В доме,мусоропровод
Площадь,176.6 сот.
Расстояние до центра города,18 км
Этаж,8 из 16
Жилая площадь,45 м²
Площадь,23 м²
Общая площадь,24 м²
Этаж,20 из 25
Техника,холодильник, плита, микроволновка, стиральная машина, посудомоечная машина, телевизор
Другие ЖКУ,1500 ₽/мес
Год постройки,2023
Кровати,1 двуспальная, 1 полуторная
Общая площадь,61 м²
Техника,холодильник, плита, стиральная машина, телевизор, фен, утюг
Площадь дома,130 м²
Техника,кондиционер, холодильник, плита, микроволновка, стиральная машина, посудомоечная машина, телевизор
Размер комиссии,50 %
Количество гостей,5
Площадь участка,5 сот.
Санузел,в доме, на улице
Количество гостей,7
Можно курить,да
Площадь дома,96 м²
Площадь участка,2.4 сот.
Площадь,15 м²
Страна,США
Площадь, м²,166
Площадь участка, м²,1090
Количество санузлов,2
Инфраструктура,Магазин, Детский сад, Школа
Условия покупки,Доступна дистанционная покупка
Инвестиции,Услуги сдачи в аренду
Общая площадь,130 м²
Страна,Абхазия
Город,Сухуми
Срок аренды,Посуточно
Площадь, м²,38
Этаж,7
Этажей в доме,7
Балкон или лоджия,Лоджия
Мебель,Кухня, Ванная, Шкафы, Спальные места
Удобства,Бытовая техника, Кондиционер, Гардеробная, Панорамные окна
Инфраструктура,Магазин, Аптека, Детский сад, Школа
Вид из окон,Горы, На город
Во дворе,Закрытая территория, Детская площадка
До аэропорта, км,130
До водоёма, м,500
Можно с животными,Нет
Общая площадь,34.4 м²
Площадь кухни,6.6 м²
Жилая площадь,17.8 м²
Площадь комнаты,26 м²
Этаж,3 из 4
Общая площадь,42.2 м²
Площадь кухни,13 м²
Этаж,3 из 24
Площадь дома,149.7 м²
Площадь участка,3 сот.
Категория земель,дачное некоммерческое партнёрство (ДНП)
Площадь,23 сот.
Расстояние до центра города,1 км
Площадь дома,10 м²
Площадь участка,4 сот.
Этаж,11 из 16
Техника,холодильник, плита, стиральная машина, телевизор
Комиссия,0 %
Другие ЖКУ,2 ₽/мес
Этаж,19 из 19
Этаж,23 из 25
Техника,кондиционер, холодильник, плита, микроволновка, стиральная машина, телевизор, утюг
Возможна помесячная аренда,Нет
Общая площадь,54.4 м²
Площадь кухни,14 м²
Жилая площадь,40.4 м²
Этаж,8 из 14
Высота потолков,3.1 м
Способ продажи,договор ЖСК
Парковка,подземная, наземная многоуровневая
Общая площадь,75 м²
Площадь кухни,23.3 м²
Этаж,14 из 15
Площадь,10 сот.
Расстояние до центра города,13 км
Общая площадь,1300 м²
Площадь,921 сот.
Общая площадь,180 м²
Количество парковочных мест,100
Кровати,1 двуспальная, 2 диван-кровати, 1 односпальный диван
Общая площадь,150 м²
Этаж,6 из 21
Залог,20000 ₽
Общая площадь,44.5 м²
Площадь кухни,6.4 м²
Способ продажи,альтернативная
Год постройки,1962
В доме,консьерж, газ
Общая площадь,42.7 м²
Общая площадь,47.1 м²
Площадь кухни,8.9 м²
Жилая площадь,31.2 м²
Этаж,5 из 14
Год постройки,1971
В доме,мусоропровод, газ
Парковка,наземная многоуровневая, открытая во дворе
Общая площадь,42.6 м²
Площадь кухни,9.1 м²
Жилая площадь,19.3 м²
Общая площадь,36.9 м²
Жилая площадь,16.8 м²
Этаж,4 из 6
Жилая площадь,16 м²
Техника,кондиционер, холодильник
Общая площадь,48 м²
Площадь кухни,12.8 м²
Этаж,4 из 16
Год постройки,2007
Год постройки,2017
В доме,консьерж
Общая площадь,42.1 м²
Площадь кухни,5.4 м²
Жилая площадь,17.4 м²
Общая площадь,37.1 м²
Площадь кухни,9.2 м²
Жилая площадь,19 м²
Год постройки,1998
Площадь кухни,12.7 м²
Жилая площадь,20.6 м²
Этаж,15 из 18
Высота потолков,17 м
Общая площадь,25 м²
Этаж,14 из 19
Общая площадь,13 м²
Год постройки,1986
Общая площадь,27 м²
Год постройки,1972
Общая площадь,42.8 м²
Площадь кухни,19.8 м²
Этаж,5 из 12
Этажей в доме,12
Двор,закрытая территория
Общая площадь,29 м²
Этаж,2 из 17
Общая площадь,14 м²
Жилая площадь,9 м²
Год постройки,1969
Общая площадь,21.4 м²
Жилая площадь,17.1 м²
Техника,кондиционер, водонагреватель
Год постройки,1904
Этаж,8 из 11
Техника,кондиционер, холодильник, стиральная машина, посудомоечная машина, водонагреватель
Этажей в доме,11
Техника,кондиционер, холодильник, стиральная машина, водонагреватель
Общая площадь,24.1 м²
Высота потолков,26 м
Год постройки,1970
Общая площадь,80 м²
Площадь кухни,16 м²
Общая площадь,73.8 м²
Площадь кухни,9.4 м²
Жилая площадь,54.1 м²
Техника,кондиционер, посудомоечная машина
Общая площадь,52.6 м²
Площадь кухни,7.1 м²
Жилая площадь,36.6 м²
Этаж,7 из 9
Общая площадь,50.2 м²
Площадь кухни,5.7 м²
Жилая площадь,35.4 м²
Общая площадь,29.4 м²
Площадь кухни,6.7 м²
Этаж,13 из 16
Год постройки,1997
Общая площадь,57.2 м²
Жилая площадь,38 м²
Этаж,6 из 16
Мебель,кухня, спальные места
Общая площадь,50.5 м²
Жилая площадь,29.9 м²
Высота потолков,2.4 м
Год постройки,1965
Общая площадь,43.8 м²
Площадь кухни,5.9 м²
Жилая площадь,27.2 м²
Площадь кухни,11.9 м²
Жилая площадь,17.9 м²
Этаж,14 из 18
Год постройки,2016
Общая площадь,44 м²
Общая площадь,18 м²
Общая площадь,106 м²
Площадь кухни,18 м²
Жилая площадь,88 м²
Этаж,2 из 15
Мебель,хранение одежды, спальные места
Общая площадь,32.2 м²
Жилая площадь,15.1 м²
Этаж,8 из 12
Техника,посудомоечная машина
Общая площадь,57.1 м²
Площадь кухни,16.8 м²
Общая площадь,58 м²
Площадь кухни,10.1 м²
Общая площадь,30.5 м²
Общая площадь,49.2 м²
Площадь кухни,9.8 м²
Этаж,6 из 8
Общая площадь,92 м²
Общая площадь,62 м²
Жилая площадь,42.7 м²
Высота потолков,260 м
Общая площадь,52.5 м²
Площадь кухни,8.5 м²
Жилая площадь,29.4 м²
Общая площадь,39.2 м²
Площадь кухни,9.5 м²
Жилая площадь,25.9 м²
Этаж,3 из 3
Техника,водонагреватель
Год постройки,1945
Год постройки,2009
Общая площадь,30 м²
Этаж,12 из 13
Этажей в доме,13
Общая площадь,43.5 м²
Площадь кухни,6.2 м²
Жилая площадь,26.6 м²
Общая площадь,37.3 м²
Год постройки,1952
Общая площадь,64.6 м²
Жилая площадь,46.7 м²
Техника,кондиционер, стиральная машина, посудомоечная машина
Общая площадь,31.5 м²
Год постройки,1966
Год постройки,1958
Этаж,1 из 3
Общая площадь,39 м²
Этаж,5 из 10
Общая площадь,47.8 м²
Жилая площадь,28.7 м²
Этаж,7 из 8
Жилая площадь,13 м²
Общая площадь,55.2 м²
Площадь кухни,17.6 м²
Жилая площадь,46 м²
Общая площадь,39.8 м²
Площадь кухни,4 м²
Год постройки,2014
Общая площадь,26.8 м²
Площадь кухни,6.3 м²
Жилая площадь,14.7 м²
Этаж,10 из 13
Общая площадь,31.6 м²
Общая площадь,57 м²
Общая площадь,32.9 м²
Год постройки,2004
Год постройки,1980
Общая площадь,37.2 м²
Жилая площадь,22 м²
Этаж,5 из 16
Общая площадь,52 м²
Площадь кухни,8.4 м²
Жилая площадь,38.7 м²
Общая площадь,55 м²
Год постройки,1996
Общая площадь,43 м²
Общая площадь,34.3 м²
Этаж,6 из 20
Общая площадь,40.1 м²
Этаж,10 из 11
Общая площадь,48.8 м²
Этаж,3 из 10
Общая площадь,51.2 м²
Площадь кухни,7.5 м²
Жилая площадь,29.6 м²
Этаж,2 из 10
Этаж,9 из 25
Общая площадь,47 м²
Площадь кухни,7.2 м²
Этаж,3 из 12
Год постройки,1979
Общая площадь,87 м²
Жилая площадь,72 м²
Этаж,16 из 20
Парковка,наземная многоуровневая, открытая во дворе, за шлагбаумом во дворе
Площадь кухни,11.5 м²
Жилая площадь,17.3 м²
Общая площадь,104 м²
Год постройки,1995
Год постройки,1988
Площадь кухни,5.3 м²
Этаж,6 из 9
Год постройки,1976
Общая площадь,51 м²
Площадь кухни,8.8 м²
Этаж,4 из 8
Общая площадь,20.8 м²
Жилая площадь,14.6 м²
Этаж,21 из 24
Парковка,подземная, наземная многоуровневая, открытая во дворе
Жилая площадь,26 м²
Общая площадь,43.9 м²
Жилая площадь,29.8 м²
Год постройки,1963
Общая площадь,56.1 м²
Общая площадь,44.8 м²
Этаж,9 из 14
Этаж,10 из 19
Техника,холодильник, стиральная машина, посудомоечная машина
Жилая площадь,29 м²
Мебель,хранение одежды
Техника,холодильник, водонагреватель
Общая площадь,44.4 м²
Жилая площадь,42 м²
Площадь кухни,6.8 м²
Общая площадь,43.1 м²
Жилая площадь,20.8 м²
Общая площадь,59.8 м²
Общая площадь,73.6 м²
Общая площадь,56.7 м²
Жилая площадь,40.9 м²
Общая площадь,56 м²
Жилая площадь,36 м²
Год постройки,1977
Общая площадь,20.4 м²
Жилая площадь,14.3 м²
Общая площадь,34.1 м²
Площадь кухни,6.9 м²
Общая площадь,30.1 м²
Жилая площадь,18.6 м²
Тип дома,деревянный
Год постройки,1917
Общая площадь,61.5 м²
Этаж,16 из 17
Площадь кухни,8.7 м²
Жилая площадь,18.3 м²
Этаж,9 из 10
Общая площадь,33.7 м²
Площадь кухни,7.8 м²
Жилая площадь,17.7 м²
Общая площадь,37.5 м²
Площадь кухни,12.5 м²
Жилая площадь,17.5 м²
Этаж,4 из 17
Площадь кухни,10.7 м²
Год постройки,2008
Парковка,наземная многоуровневая
Общая площадь,103.9 м²
Площадь кухни,13.4 м²
Жилая площадь,55.4 м²
В доме,консьерж, мусоропровод
Общая площадь,52.1 м²
Площадь кухни,13.1 м²
Общая площадь,26.9 м²
Площадь кухни,8.6 м²
Жилая площадь,18.4 м²
Площадь кухни,8.3 м²
Год постройки,1994
Общая площадь,33 м²
Площадь кухни,4.3 м²
Жилая площадь,23.2 м²
Этаж,1 из 12
Мебель,спальные места
Общая площадь,37.9 м²
Площадь кухни,12.6 м²
Жилая площадь,15.9 м²
Этаж,2 из 13
Общая площадь,30.9 м²
Жилая площадь,40 м²
Этаж,1 из 9
Жилая площадь,18.2 м²
Год постройки,2006
Общая площадь,55.6 м²
Площадь кухни,26 м²
Общая площадь,160 м²
Площадь кухни,21 м²
Общая площадь,52.8 м²
Общая площадь,53.5 м²
Общая площадь,11.9 м²
Общая площадь,15 м²
Жилая площадь,10 м²
Год постройки,1944
Этаж,2 из 18
Общая площадь,76.3 м²
Площадь кухни,9.9 м²
Жилая площадь,47.3 м²
Этаж,2 из 25
Год постройки,1960
Общая площадь,46.5 м²
Площадь кухни,9.3 м²
Жилая площадь,24 м²
Общая площадь,33.4 м²
Общая площадь,35.5 м²
Этаж,18 из 25
Общая площадь,50.7 м²
Высота потолков,290 м
Год постройки,2011
Жилая площадь,28.5 м²
Этаж,2 из 12
Общая площадь,46 м²
Общая площадь,41.1 м²
Площадь кухни,13.7 м²
Жилая площадь,27.4 м²
Этаж,5 из 17
Общая площадь,35.9 м²
Площадь кухни,9.7 м²
Жилая площадь,18.5 м²
Площадь кухни,30 м²
Жилая площадь,50 м²
Этаж,8 из 17
Жилая площадь,14 м²
Общая площадь,29.7 м²
Жилая площадь,11 м²
Техника,стиральная машина
Год постройки,2018
Год постройки,1993
Общая площадь,39.7 м²
Жилая площадь,18.7 м²
Этаж,9 из 12
Общая площадь,36.2 м²
Жилая площадь,18.9 м²
Общая площадь,78.1 м²
Площадь кухни,12.2 м²
Жилая площадь,63.3 м²
Этаж,14 из 16
Общая площадь,47.5 м²
Площадь кухни,10.5 м²
Жилая площадь,16.1 м²
Этаж,32 из 36
Этажей в доме,36
Этаж,11 из 22
Этажей в доме,22
Общая площадь,38.7 м²
Жилая площадь,24.3 м²
Высота потолков,255 м
Этаж,15 из 28
Этажей в доме,28
Общая площадь,118.2 м²
Площадь кухни,9.6 м²
Жилая площадь,66.7 м²
Общая площадь,45.2 м²
Площадь кухни,7.3 м²
Жилая площадь,30.4 м²
Жилая площадь,19.2 м²
Площадь кухни,4.9 м²
Общая площадь,59.2 м²
Площадь кухни,27 м²
Жилая площадь,25.3 м²
Общая площадь,93.2 м²
Этаж,8 из 18
Общая площадь,25.8 м²
Этаж,14 из 17
Общая площадь,101.1 м²
Высота потолков,17.1 м
Общая площадь,38.8 м²
Общая площадь,35.2 м²
Жилая площадь,18.1 м²
Этаж,3 из 18
Общая площадь,45.6 м²
Жилая площадь,16.7 м²
Общая площадь,40.4 м²
Жилая площадь,27.7 м²
Общая площадь,45.1 м²
Общая площадь,67 м²
Жилая площадь,41 м²
Жилая площадь,13.7 м²
Этаж,3 из 25
Парковка,подземная, наземная многоуровневая, открытая во дворе, за шлагбаумом во дворе
Общая площадь,60.1 м²
Год постройки,1841
Техника,стиральная машина, водонагреватель
Общая площадь,55.4 м²
Общая площадь,49.1 м²
Общая площадь,93 м²
Жилая площадь,42.4 м²
Общая площадь,51.9 м²
Общая площадь,91 м²
Техника,холодильник, стиральная машина, посудомоечная машина, водонагреватель
Год постройки,2002
Жилая площадь,13.9 м²
Жилая площадь,39.1 м²
Общая площадь,56.2 м²
Жилая площадь,24.8 м²
Этаж,9 из 20
Этаж,14 из 14
Общая площадь,40.2 м²
Год постройки,1967
Общая площадь,40.3 м²
Общая площадь,39.1 м²
Этаж,9 из 24
Общая площадь,35.3 м²
Общая площадь,49 м²
Площадь кухни,3 м²
Общая площадь,32.8 м²
Жилая площадь,19.6 м²
Общая площадь,38.9 м²
Общая площадь,52.3 м²
Площадь кухни,8.2 м²
Жилая площадь,28.3 м²
Общая площадь,36.7 м²
Жилая площадь,63 м²
Общая площадь,40.6 м²
Год постройки,1959
Общая площадь,43.3 м²
Площадь кухни,17 м²
Общая площадь,51.4 м²
Высота потолков,270 м
Этаж,4 из 10
Техника,кондиционер, холодильник, посудомоечная машина, водонагреватель
Общая площадь,41 м²
Этаж,6 из 17
Этаж,5 из 7
Жилая площадь,34 м²
Высота потолков,3.3 м
Год постройки,1900
Техника,холодильник, посудомоечная машина
Общая площадь,45.7 м²
Общая площадь,43.2 м²
Этаж,7 из 14
Общая площадь,30.3 м²
Этаж,12 из 15
Общая площадь,35.4 м²
Площадь кухни,10.4 м²
Жилая площадь,14.2 м²
Общая площадь,27.2 м²
Этаж,2 из 16
Площадь кухни,7.6 м²
Общая площадь,61.8 м²
Жилая площадь,44 м²
Этаж,7 из 10
Общая площадь,48.6 м²
Общая площадь,44.6 м²
Этаж,2 из 24
Общая площадь,21.5 м²
Общая площадь,29.9 м²
Общая площадь,53.4 м²
Общая площадь,18.6 м²
Жилая площадь,13.1 м²
Общая площадь,51.3 м²
Этаж,6 из 12
Двор,спортивная площадка
Площадь кухни,15.6 м²
Общая площадь,71 м²
Этаж,3 из 6
Год постройки,2010
Общая площадь,42.4 м²
Общая площадь,63.3 м²
Вид сделки,продажа доли
Жилая площадь,21 м²
Общая площадь,33.3 м²
Площадь кухни,12.1 м²
Общая площадь,38.5 м²
Этаж,15 из 19
Жилая площадь,31.3 м²
Общая площадь,13.5 м²
Жилая площадь,8 м²
Жилая площадь,42.8 м²
Общая площадь,83 м²
Площадь кухни,19.6 м²
Общая площадь,83.4 м²
Жилая площадь,74 м²
Общая площадь,37 м²
Площадь кухни,16.7 м²
Этаж,4 из 14
Общая площадь,28.7 м²
Техника,кондиционер, стиральная машина, водонагреватель
Этаж,8 из 19
Этаж,9 из 16
Общая площадь,18.1 м²
Жилая площадь,7.4 м²
Двор,закрытая территория, спортивная площадка
Этаж,8 из 25
В доме,консьерж, мусоропровод, газ
Этаж,2 из 14
Год постройки,27
Этаж,10 из 16
Общая площадь,41.5 м²
Общая площадь,46.2 м²
Площадь кухни,6.1 м²
Этаж,7 из 12
Этаж,5 из 13
Общая площадь,81.7 м²
Жилая площадь,64 м²
Этаж,12 из 24
Общая площадь,33.5 м²
Жилая площадь,13.6 м²
Этаж,7 из 18
Высота потолков,280 м
Общая площадь,34.5 м²
Высота потолков,4.5 м
Жилая площадь,12.6 м²
Этаж,4 из 12
Общая площадь,39.4 м²
Общая площадь,32.4 м²
Этаж,12 из 20
Этаж,11 из 17
Общая площадь,33.9 м²
Площадь кухни,4.2 м²
Жилая площадь,23 м²
Общая площадь,32.3 м²
Площадь кухни,5.8 м²
Жилая площадь,19.1 м²
Жилая площадь,29.2 м²
Этаж,7 из 25
Общая площадь,71.2 м²
Площадь кухни,10.2 м²
Жилая площадь,43.2 м²
Этаж,18 из 18
Общая площадь,43.4 м²
Общая площадь,34.9 м²
Площадь кухни,2 м²
Общая площадь,19 м²
Общая площадь,24.9 м²
Этаж,7 из 22
Этаж,4 из 4
Общая площадь,53.2 м²
Вид сделки,возможна ипотека, аукцион
Этаж,5 из 8
Этаж,17 из 18
Общая площадь,44.3 м²
Общая площадь,21.7 м²
Площадь кухни,10.9 м²
Жилая площадь,29.7 м²
Общая площадь,58.4 м²
Общая площадь,80.1 м²
Площадь кухни,14.7 м²
Жилая площадь,41.8 м²
Общая площадь,32.1 м²
Жилая площадь,22.5 м²
Этаж,6 из 18
Общая площадь,34.8 м²
Год постройки,1946
Общая площадь,40.8 м²
Жилая площадь,43 м²
Этаж,4 из 25
Этаж,5 из 25
Год постройки,0
Этаж,10 из 10
Общая площадь,45.4 м²
Общая площадь,37.6 м²
Год постройки,1881
Общая площадь,42.5 м²
Площадь кухни,14.4 м²
Общая площадь,75.5 м²
Площадь кухни,25 м²
Общая площадь,65.3 м²
Площадь кухни,13.9 м²
Общая площадь,19.5 м²
Общая площадь,41.7 м²
Жилая площадь,31.5 м²
Общая площадь,21.6 м²
Общая площадь,47.6 м²
Общая площадь,23 м²
Этаж,5 из 15
Площадь кухни,10.6 м²
Этаж,9 из 17
Общая площадь,82.2 м²
Общая площадь,58.3 м²
Жилая площадь,37.7 м²
Год постройки,1953
Общая площадь,79 м²
Жилая площадь,37 м²
Общая площадь,24.2 м²
Жилая площадь,15.8 м²
Этаж,19 из 27
Этажей в доме,27
Пассажирский лифт,3
Общая площадь,32.7 м²
Общая площадь,114 м²
Этаж,3 из 7
Этаж,11 из 13
Общая площадь,148 м²
Площадь кухни,36 м²
Жилая площадь,68 м²
Этаж,12 из 18
Общая площадь,40.9 м²
Жилая площадь,31.8 м²
Общая площадь,67.2 м²
Техника,кондиционер, стиральная машина
Площадь кухни,5.2 м²
Жилая площадь,30.9 м²
Общая площадь,18.2 м²
Общая площадь,85 м²
Этаж,18 из 20
Общая площадь,77.3 м²
Общая площадь,30.6 м²
Год постройки,1991
Общая площадь,28.3 м²
Общая площадь,47.3 м²
Жилая площадь,30.7 м²
Общая площадь,35.6 м²
Общая площадь,55.9 м²
Жилая площадь,29.3 м²
Общая площадь,69.2 м²
Площадь кухни,15.3 м²
Общая площадь,103 м²
Площадь кухни,13.6 м²
Жилая площадь,58 м²
Общая площадь,60.3 м²
Общая площадь,36.6 м²
Общая площадь,21.8 м²
Общая площадь,57.9 м²
Площадь кухни,18.9 м²
Жилая площадь,23.5 м²
Этаж,15 из 24
Площадь кухни,12.4 м²
Жилая площадь,26.4 м²
Этаж,22 из 22
Общая площадь,82 м²
Площадь кухни,16.9 м²
Общая площадь,23.4 м²
Жилая площадь,19.4 м²
Жилая площадь,27.3 м²
Общая площадь,74.7 м²
Общая площадь,52.2 м²
Этаж,5 из 6
Общая площадь,35.1 м²
Общая площадь,60.5 м²
Этаж,16 из 22
Общая площадь,95.5 м²
Площадь кухни,20.4 м²
Общая площадь,47.2 м²
Этаж,7 из 19
Общая площадь,31.2 м²
Общая площадь,50.4 м²
Площадь кухни,8.1 м²
Жилая площадь,30.6 м²
Жилая площадь,34.2 м²
Общая площадь,68.6 м²
Жилая площадь,42.6 м²
Площадь кухни,31 м²
Общая площадь,27.5 м²
Этаж,2 из 8
Общая площадь,49.4 м²
Площадь кухни,2.3 м²
Жилая площадь,41.7 м²
Жилая площадь,16.4 м²
Этаж,7 из 13
Техника,кондиционер, холодильник, посудомоечная машина
Общая площадь,35.7 м²
Жилая площадь,19.5 м²
Этаж,1 из 16
Общая площадь,16.5 м²
Площадь кухни,22 м²
Этаж,10 из 12
Высота потолков,305 м
Жилая площадь,47.8 м²
Общая площадь,36.3 м²
Общая площадь,62.1 м²
Общая площадь,79.3 м²
Жилая площадь,41.3 м²
Общая площадь,33.2 м²
Жилая площадь,10.5 м²
Общая площадь,41.4 м²
Общая площадь,28.9 м²
Общая площадь,56.6 м²
Жилая площадь,19.8 м²
Общая площадь,20.2 м²
Этаж,1 из 8
Площадь кухни,4.5 м²
Общая площадь,24.4 м²
Жилая площадь,15.7 м²
Этаж,10 из 14
Общая площадь,62.6 м²
Жилая площадь,33.1 м²
Год постройки,1955
Общая площадь,147 м²
Жилая площадь,79 м²
Площадь кухни,32.6 м²
Этаж,16 из 28
Жилая площадь,27.9 м²
Общая площадь,140 м²
Общая площадь,15.3 м²
Общая площадь,88 м²
Площадь кухни,17.4 м²
Этаж,13 из 14
Общая площадь,149.5 м²
Жилая площадь,59.3 м²
Общая площадь,72 м²
Площадь кухни,15.5 м²
Жилая площадь,32.6 м²
Этаж,7 из 16
Общая площадь,71.6 м²
Жилая площадь,47.1 м²
Этаж,1 из 14
Год постройки,2001
Общая площадь,36.5 м²
Высота потолков,4.2 м
Общая площадь,187.7 м²
Площадь кухни,97.3 м²
Жилая площадь,74.5 м²
Этаж,6 из 6
Год постройки,1912
Общая площадь,129.7 м²
Жилая площадь,102 м²
Этаж,16 из 23
Этажей в доме,23
Этаж,3 из 14
Общая площадь,19.3 м²
Общая площадь,51.1 м²
Общая площадь,44.2 м²
Этаж,11 из 14
Жилая площадь,12.2 м²
Этаж,25 из 25
Общая площадь,53.8 м²
Общая площадь,50.8 м²
Год постройки,1950
Этаж,18 из 44
Этажей в доме,44
Общая площадь,26.6 м²
Этаж,6 из 24
Общая площадь,44.9 м²
Общая площадь,58.7 м²
Общая площадь,111.4 м²
Площадь кухни,11.4 м²
Жилая площадь,100 м²
Этаж,14 из 27
Общая площадь,46.4 м²
Жилая площадь,23.7 м²
Жилая площадь,34.3 м²
Жилая площадь,45.6 м²
Год постройки,1947
Площадь кухни,11.8 м²
Жилая площадь,27.5 м²
Общая площадь,79.5 м²
Жилая площадь,41.1 м²
Общая площадь,79.2 м²
Общая площадь,59.1 м²
Этаж,17 из 23
Техника,стиральная машина, посудомоечная машина
Парковка,подземная, наземная многоуровневая, за шлагбаумом во дворе
Этаж,9 из 11
Общая площадь,15.5 м²
Высота потолков,3.4 м
Общая площадь,40.7 м²
Общая площадь,26 м²
Общая площадь,41.6 м²
Общая площадь,14.9 м²
Жилая площадь,6.1 м²
Жилая площадь,21.1 м²
Этаж,14 из 20
Площадь кухни,19 м²
Общая площадь,76.7 м²
Площадь кухни,13.3 м²
Жилая площадь,43.6 м²
Этаж,8 из 13
Общая площадь,127 м²
Жилая площадь,95 м²
Высота потолков,310 м
Общая площадь,74 м²
Общая площадь,42.3 м²
Площадь кухни,11.2 м²
Жилая площадь,22.3 м²
Жилая площадь,11.5 м²
Жилая площадь,21.7 м²
Год постройки,1901
Общая площадь,76 м²
Этаж,14 из 22
Этаж,15 из 20
Общая площадь,34.7 м²
Этаж,23 из 27
Общая площадь,79.6 м²
Жилая площадь,40.5 м²
Общая площадь,69.4 м²
Площадь кухни,45.5 м²
Жилая площадь,9.1 м²
Этаж,12 из 12
Площадь кухни,35 м²
Жилая площадь,19.7 м²
Общая площадь,77 м²
Этаж,19 из 24
Высота потолков,207 м
Жилая площадь,36.4 м²
Жилая площадь,47 м²
Общая площадь,65.8 м²
Площадь кухни,14.9 м²
Жилая площадь,65 м²
Общая площадь,21.3 м²
Общая площадь,53.9 м²
Жилая площадь,33.2 м²
Год постройки,1999
Площадь кухни,41 м²
Общая площадь,67.7 м²
Высота потолков,5.6 м
Общая площадь,50.3 м²
Общая площадь,56.3 м²
Общая площадь,64.5 м²
Площадь кухни,13.2 м²
Общая площадь,45.3 м²
Общая площадь,51.5 м²
Этаж,4 из 19
Техника,плита
Этаж,8 из 20
Общая площадь,84.8 м²
Этаж,8 из 15
Этаж,9 из 18
Площадь кухни,12.9 м²
Этаж,5 из 22
Общая площадь,71.4 м²
Год постройки,1939
Общая площадь,67.9 м²
Площадь кухни,14.2 м²
Общая площадь,29.8 м²
Жилая площадь,15.5 м²
Площадь кухни,7.9 м²
Этаж,2 из 7
Общая площадь,58.8 м²
Жилая площадь,37.2 м²
Год постройки,1910
Общая площадь,26.3 м²
Общая площадь,66 м²
Общая площадь,98.5 м²
Этаж,23 из 30
Общая площадь,66.5 м²
Общая площадь,89.6 м²
Жилая площадь,55 м²
Этаж,17 из 24
Техника,кондиционер, холодильник, водонагреватель
Жилая площадь,52 м²
Общая площадь,62.4 м²
Жилая площадь,45.7 м²
Этаж,13 из 31
Этажей в доме,31
Общая площадь,34.6 м²
Жилая площадь,28.4 м²
Жилая площадь,58.4 м²
Жилая площадь,14.5 м²
Этаж,12 из 22
Общая площадь,81.5 м²
Жилая площадь,33.6 м²
Общая площадь,60.9 м²
Общая площадь,38.4 м²
Общая площадь,11.4 м²
Общая площадь,99.1 м²
Жилая площадь,66 м²
Год постройки,1936
Этаж,3 из 17
Общая площадь,50.6 м²
Площадь кухни,7.4 м²
Общая площадь,47.7 м²
Жилая площадь,15.3 м²
Общая площадь,62.8 м²
Общая площадь,102.4 м²
Площадь кухни,24 м²
Жилая площадь,54 м²
Жилая площадь,75 м²
Общая площадь,64.2 м²
Жилая площадь,39.2 м²
Общая площадь,33.1 м²
Общая площадь,58.9 м²
Жилая площадь,44.2 м²
Общая площадь,17.5 м²
Жилая площадь,25.4 м²
Общая площадь,71.3 м²
Общая площадь,10 м²
Год постройки,1931
Жилая площадь,32.2 м²
Год постройки,1930
Общая площадь,18.4 м²
Общая площадь,17.2 м²
Площадь кухни,15.1 м²
Жилая площадь,36.3 м²
Этаж,18 из 21
Общая площадь,25.2 м²
Этаж,19 из 21
Жилая площадь,27.8 м²
Общая площадь,96 м²
Площадь кухни,18.4 м²
Общая площадь,60.2 м²
Площадь кухни,13.8 м²
Общая площадь,28.5 м²
Общая площадь,48.4 м²
Общая площадь,110.8 м²
Жилая площадь,80 м²
Этаж,12 из 25
Этаж,6 из 7
Общая площадь,44.1 м²
Жилая площадь,20.1 м²
Общая площадь,85.5 м²
Жилая площадь,62 м²
Общая площадь,35.8 м²
Жилая площадь,21.6 м²
Общая площадь,31.1 м²
Общая площадь,81 м²
Общая площадь,39.9 м²
Общая площадь,81.6 м²
Площадь кухни,11.3 м²
Жилая площадь,40.2 м²
Общая площадь,54.2 м²
Площадь кухни,22.3 м²
Жилая площадь,23.6 м²
Жилая площадь,29.1 м²
Общая площадь,12.6 м²
Общая площадь,22.7 м²
Жилая площадь,7.1 м²
Этаж,5 из 23
Общая площадь,30.8 м²
Жилая площадь,17.2 м²
Общая площадь,51.6 м²
Общая площадь,58.5 м²
Площадь кухни,10.8 м²
Общая площадь,18.5 м²
Общая площадь,20.6 м²
Этаж,16 из 19
Жилая площадь,19.9 м²
Общая площадь,25.1 м²
Жилая площадь,8.7 м²
Общая площадь,68.5 м²
Этаж,17 из 17
Жилая площадь,42.5 м²
Жилая площадь,28.2 м²
Жилая площадь,32.1 м²
Общая площадь,17.6 м²
Жилая площадь,8.1 м²
Общая площадь,27.3 м²
Жилая площадь,39.3 м²
Год постройки,1949
Общая площадь,93.9 м²
Вид сделки,аукцион
Общая площадь,75.2 м²
Жилая площадь,53 м²
Общая площадь,77.9 м²
Жилая площадь,53.4 м²
Год постройки,1935
Общая площадь,38.1 м²
Общая площадь,48.5 м²
Этаж,13 из 18
Этаж,6 из 25
Жилая площадь,31.1 м²
Общая площадь,63.8 м²
Общая площадь,61.2 м²
Площадь кухни,19.9 м²
Этаж,10 из 24
Общая площадь,11.5 м²
Общая площадь,68.4 м²
Жилая площадь,32.5 м²
Этаж,10 из 25
Общая площадь,19.2 м²
Общая площадь,65.4 м²
Площадь кухни,11.1 м²
Общая площадь,22.3 м²
Общая площадь,16.3 м²
Общая площадь,29.6 м²
Жилая площадь,22.2 м²
Этаж,2 из 30
Название новостройки,Мультиквартал CITYZEN
Корпус, строение,1 корпус (1 очередь)
Срок сдачи,Сдача в 3 кв. 2027
Общая площадь,21.2 м²
Название новостройки,Апарт-отель «GloraX Заневский»
Срок сдачи,Сдан 2 кв. 2024
Этаж,6 из 11
Название новостройки,ЖК «ALPEN»
Жилая площадь,45.2 м²
Название новостройки,Рекреационный комплекс «Резиденция Рощино»
Корпус, строение,Корпус 3.2
Общая площадь,59.6 м²
Жилая площадь,37.1 м²
Этаж,37 из 46
Название новостройки,ЖК «Павелецкая Сити»
Корпус, строение,Корпус 15 (Импульс)
Срок сдачи,Сдача в 4 кв. 2027
Этажей в доме,46
Общая площадь,19.9 м²
Жилая площадь,9.7 м²
Название новостройки,Зелёный парк
Корпус, строение,Корпус 6.5
Срок сдачи,Сдача в 2 кв. 2027
Общая площадь,23.5 м²
Название новостройки,ЖК «Богдановский Лес»
Корпус, строение,Корпус 7.4
Срок сдачи,Сдача в 4 кв. 2025
Общая площадь,22.8 м²
Жилая площадь,10.2 м²
Название новостройки,ЖК «Мытищи Парк»
Корпус, строение,Корпус 6
Общая площадь,70.2 м²
Площадь кухни,22.8 м²
Название новостройки,Никольские луга
Корпус, строение,Корпус 3.1
Срок сдачи,Сдача в 3 кв. 2025
Название новостройки,ЖК «Горки Парк»
Корпус, строение,Корпус 8.2
Общая площадь,23.8 м²
Жилая площадь,10.6 м²
Этаж,16 из 24
Название новостройки,ЖК «Квартал Авиаторов»
Корпус, строение,Корпус 4
Жилая площадь,12.5 м²
Этаж,30 из 37
Название новостройки,ЖК «Level Нижегородская»
Корпус, строение,Корпус 3
Этажей в доме,37
Площадь кухни,18.1 м²
Жилая площадь,21.4 м²
Этаж,7 из 11
Корпус, строение,Корпус 6.1
Этаж,17 из 32
Название новостройки,Бусиновский парк
Корпус, строение,Корпус 2.3
Этажей в доме,32
Название новостройки,ЖК «Пригород Лесное»
Корпус, строение,Корпус 18
Жилая площадь,11.1 м²
Этаж,2 из 22
Название новостройки,ЖК «ЦДС Новые Горизонты»
Корпус, строение,Позиция 14
Срок сдачи,Сдача в 2 кв. 2025
Площадь кухни,15.4 м²
Жилая площадь,9.5 м²
Этаж,27 из 30
Название новостройки,ЖК «2-й Иртышский»
Корпус, строение,Корпус 1.3
Срок сдачи,Сдача в 1 кв. 2027
Общая площадь,53.7 м²
Этаж,4 из 11
Общая площадь,23.9 м²
Жилая площадь,16.5 м²
Название новостройки,ЖК «Стороны света»
Корпус, строение,Корпус 24 (Север)
Срок сдачи,Сдан 3 кв. 2023
Этаж,16 из 64
Название новостройки,ЖК «Level Звенигородская»
Корпус, строение,Корпус 2, 1 этап
Срок сдачи,Сдача в 1 кв. 2028
Этажей в доме,64
Площадь кухни,26.5 м²
Название новостройки,ЖК «Георг Ландрин»
Корпус, строение,2 этап
Срок сдачи,Сдан 4 кв. 2022
Общая площадь,108.6 м²
Площадь кухни,32.4 м²
Жилая площадь,54.4 м²
Название новостройки,ЖК «Наука»
Корпус, строение,3 этап, 5 корпус
Жилая площадь,25.8 м²
Название новостройки,ЖК «Томилино Парк»
Корпус, строение,Корпус 6.3
Общая площадь,57.3 м²
Жилая площадь,25.6 м²
Название новостройки,МФК «Варшавские ворота»
Корпус, строение,Секция 1.1-2.4
Общая площадь,78.7 м²
Площадь кухни,23 м²
Жилая площадь,32.4 м²
Этаж,2 из 33
Название новостройки,Алтуфьевское 53
Корпус, строение,Строение 2.2 (Этап 2)
Этажей в доме,33
Жилая площадь,11.9 м²
Этаж,17 из 27
Название новостройки,ЖК «SOUL»
Корпус, строение,Этап 1.2 (Корпус 4)
Срок сдачи,Сдача в 3 кв. 2025 — 4 кв. 2026
Общая площадь,86.6 м²
Площадь кухни,27.8 м²
Название новостройки,Волжский парк
Общая площадь,89.5 м²
Площадь кухни,28.7 м²
Жилая площадь,42.1 м²
Корпус, строение,3 этап, 6 корпус
Корпус, строение,Корпус 1.2
Общая площадь,79.1 м²
Жилая площадь,74.1 м²
Этаж,46 из 48
Корпус, строение,Корпус 1, 1 этап
Этажей в доме,48
Этаж,15 из 22
Название новостройки,ЖК «Цветной город»
Корпус, строение,Корпус 216.2 (18 квартал)
Срок сдачи,Сдача в 3 кв. 2026
Жилая площадь,26.8 м²
Этаж,17 из 21
Корпус, строение,Позиция 6
Срок сдачи,Сдан 4 кв. 2023
Жилая площадь,73.7 м²
Этаж,30 из 48
Общая площадь,69.1 м²
Площадь кухни,20.9 м²
Жилая площадь,33.4 м²
Этаж,2 из 26
Название новостройки,Красноказарменная 15
Корпус, строение,Корпус 2
Срок сдачи,Сдача в 1 кв. 2025
Этажей в доме,26
Жилая площадь,11.4 м²
Название новостройки,Holland park
Корпус, строение,Корпус 8
Общая площадь,48.3 м²
Название новостройки,ЖК «Рублевский Квартал»
Корпус, строение,Дом 54
Название новостройки,ЖК «Расцветай в Янино»
Корпус, строение,Корпус 1 (1 оч., 1 этап, уч. 2126)
Срок сдачи,Сдача в 3 кв. 2024 — 4 кв. 2024
Общая площадь,31.9 м²
Жилая площадь,31.9 м²
Этаж,3 из 23
Название новостройки,ЖК «Город Первых»
Корпус, строение,Корпус 4.5, 3 очередь
Общая площадь,26.5 м²
Этаж,3 из 13
Название новостройки,LIFE APART Октябрьская
Площадь кухни,17.2 м²
Жилая площадь,10.1 м²
Этаж,9 из 15
Название новостройки,ЖК «Молжаниново»
Название новостройки,Жилой мкр. «Одинбург»
Корпус, строение,Луч 4
Общая площадь,70.1 м²
Название новостройки,ЖК «Люберцы»
Корпус, строение,Дом 70
Срок сдачи,Сдача в 4 кв. 2024
Площадь кухни,24.5 м²
Этаж,29 из 32
Название новостройки,ЖК «NOVA»
Жилая площадь,11.7 м²
Этаж,14 из 21
Площадь кухни,19.5 м²
Этаж,11 из 31
Название новостройки,Плеханова 11
Общая площадь,64.8 м²
Этаж,3 из 11
Площадь кухни,18.3 м²
Корпус, строение,Корпус 7.2
Этаж,3 из 29
Название новостройки,Апартаменты «IN2IT» (Интуит)
Корпус, строение,2 очередь
Корпус, строение,3 этап, 4 корпус
Общая площадь,24.3 м²
Название новостройки,ЖК «Parkolovo»
Корпус, строение,Корпус 3 (этап 3, секция 10-14)
Жилая площадь,7.6 м²
Этаж,22 из 25
Корпус, строение,Корпус 349.1 (д. 8, 29 квартал)
Корпус, строение,Корпус 2 (этап 2, секция 6-9)
Название новостройки,ЖК «Б15»
Корпус, строение,Корпус 5
Жилая площадь,32.9 м²
Название новостройки,ЖК «Квартал Герцена»
Корпус, строение,Этап 2, Корпус 2
Этаж,24 из 25
Общая площадь,25.4 м²
Жилая площадь,12.4 м²
Название новостройки,Белая Дача парк
Корпус, строение,Корпус 9.1
Этаж,1 из 23
Название новостройки,ЖК «Живи! В Рыбацком»
Корпус, строение,Корпус 39
Общая площадь,87.8 м²
Площадь кухни,23.4 м²
Название новостройки,Ильинские луга
Корпус, строение,Корпус 2.10
Площадь кухни,18.8 м²
Этаж,11 из 12
Корпус, строение,Корпус 7.3
Общая площадь,47.9 м²
Название новостройки,ЖК «Квартал Румянцево»
Корпус, строение,Дом 1
Название новостройки,Одинцово-1
Корпус, строение,Корпус 1.26.1
Общая площадь,51.7 м²
Площадь кухни,17.8 м²
Корпус, строение,Корпус 2.8
Общая площадь,28.4 м²
Название новостройки,ЖК «Мурино Space»
Жилая площадь,10.7 м²
Корпус, строение,Дом 55
Жилая площадь,26.5 м²
Этаж,12 из 21
Корпус, строение,Позиция 4
Срок сдачи,Сдан 2 кв. 2023
Название новостройки,ЖК «Парадный ансамбль»
Корпус, строение,Корпус 7.8
Жилая площадь,20.5 м²
Название новостройки,Москворечье
Корпус, строение,Корпус 6.2
Общая площадь,27.7 м²
Этаж,9 из 23
Название новостройки,ЖК «ЦДС Северный»
Корпус, строение,Корпус 9
Площадь кухни,21.6 м²
Корпус, строение,Корпус 8.1
Жилая площадь,9.8 м²
Этаж,17 из 33
Название новостройки,Матвеевский парк
Корпус, строение,Корпус 2.1
Общая площадь,20.1 м²
Площадь кухни,4.1 м²
Жилая площадь,9.3 м²
Площадь кухни,16.1 м²
Жилая площадь,10.3 м²
Общая площадь,54.6 м²
Жилая площадь,30.1 м²
Название новостройки,Митинский лес
Корпус, строение,Корпус 15
Срок сдачи,Сдан 2 кв. 2022
Общая площадь,95.7 м²
Жилая площадь,55.1 м²
Название новостройки,ЖК «Остафьево»
Корпус, строение,Дом 19
Жилая площадь,11.3 м²
Название новостройки,ЖК «Riga Hills» (Рига Хиллс)
Корпус, строение,Корпус 1
Общая площадь,33.8 м²
Жилая площадь,8.9 м²
Общая площадь,80.6 м²
Площадь кухни,5.1 м²
Жилая площадь,59 м²
Название новостройки,ЖК «Прибрежный Парк»
Срок сдачи,Сдача в 3 кв. 2023 — 3 кв. 2025
Название новостройки,ЖК «Новая история»
Корпус, строение,Корпус 7.3 (1 оч.)
Площадь кухни,16.4 м²
Жилая площадь,20.7 м²
Название новостройки,ЖК «Дубровский»
Название новостройки,ЖК «ЮгТаун»
Корпус, строение,1 очередь, 2 этап, корпус 2.1 (кв-л Греция)
Жилая площадь,17.6 м²
Общая площадь,85.6 м²
Название новостройки,ЖК «ID Svetlanovskiy»
Жилая площадь,16.9 м²
Название новостройки,Мкр. «Времена Года»
Корпус, строение,Литер 2
Общая площадь,81.4 м²
Площадь кухни,24.4 м²
Название новостройки,ЖК «Стремянный 2»
Срок сдачи,Сдан 1 кв. 2024
Общая площадь,78.4 м²
Площадь кухни,14.8 м²
Жилая площадь,11.8 м²
Название новостройки,ЖК «Пулковский дом»
Корпус, строение,Корпус А
Общая площадь,41.8 м²
Корпус, строение,Корпус 14.2
Название новостройки,ЖК «Порто-Ново»
Корпус, строение,Литер 6
Название новостройки,ЖК «Аннино Сити»
Срок сдачи,Сдача в 2 кв. 2025 — 3 кв. 2025
Название новостройки,ЖК «Высота»
Срок сдачи,Сдача в 4 кв. 2028
Жилая площадь,14.8 м²
Название новостройки,ЖК «Клевер»
Жилая площадь,41.6 м²
Название новостройки,ЖК «Уютный Новоселье»
Корпус, строение,Лот 5
Общая площадь,25.3 м²
Название новостройки,ЖК «Горный квартал»
Корпус, строение,Литер 1
Площадь кухни,16.2 м²
Жилая площадь,12.3 м²
Название новостройки,ЖК «ВЕРЕВО-СИТИ»
Корпус, строение,5 очередь, секц. 6-10
Название новостройки,ЖК «Небо»
Корпус, строение,Литер 5
Площадь кухни,11.7 м²
Корпус, строение,Литер 4
Срок сдачи,Сдача в 3 кв. 2023 — 3 кв. 2024
Общая площадь,51.8 м²
Название новостройки,ЖК «Смородина»
Корпус, строение,11 литер (2 этап)
Общая площадь,25.7 м²
Название новостройки,Квартал «Спутник-1»
Корпус, строение,Дом 17.7.2
Общая площадь,72.4 м²
Жилая площадь,34.4 м²
Название новостройки,ЖК «Парк Победы 2»
Корпус, строение,Литер 6, 6 этап
Общая площадь,127.2 м²
Название новостройки,Жилой район «Южные кварталы»
Название новостройки,ЖК «Рубеж»
Площадь кухни,17.7 м²
Корпус, строение,Литер 23, 2 этап
Площадь кухни,19.2 м²
Жилая площадь,26.3 м²
Название новостройки,ЖК «Самолет»
Корпус, строение,Литер 65 (6 очередь)
Срок сдачи,Сдача в 4 кв. 2025 — 4 кв. 2026
Общая площадь,66.6 м²
Название новостройки,ЖК «Северный квартал»
Срок сдачи,Сдан 4 кв. 2021
Название новостройки,ЖК «Южная Нева»
Корпус, строение,Корпус 1 (1 этап)
Жилая площадь,22.4 м²
Название новостройки,ЖК «Рекорд»
Корпус, строение,2 очередь (лит. 3)
Срок сдачи,Сдача в 2 кв. 2025 — 2 кв. 2026
Общая площадь,77.8 м²
Жилая площадь,34.7 м²
Корпус, строение,Литер 24 (4 очередь)
Площадь кухни,17.9 м²
Площадь кухни,12.3 м²
Название новостройки,ЖК «iD Kudrovo II»
Название новостройки,ЖК «Гринсайд»
Корпус, строение,Позиция 2-45
Общая площадь,48.7 м²
Общая площадь,59.5 м²
Площадь кухни,21.9 м²
Этаж,10 из 15
Корпус, строение,Секция апартаменты
Этаж,7 из 15
Название новостройки,ЖК «Невский парк»
Корпус, строение,Дом 4, 5 этап
Этаж,16 из 25
Название новостройки,ЖК «Культура»
Корпус, строение,Позиция 2
Срок сдачи,Сдача в 2 кв. 2026 — 1 кв. 2027
Жилая площадь,13.2 м²
Название новостройки,ЖК «Terle park»
Название новостройки,ЖК «Сапфир»
Этаж,17 из 25
Общая площадь,66.3 м²
Этаж,2 из 11
Название новостройки,ЖК «Симфония»
Корпус, строение,4 этап (Секции 4.1, 4.2, 5)
Название новостройки,ЖК «Фриссон»
Общая площадь,27.8 м²
Название новостройки,ЖК «Форест»
Корпус, строение,Корпус 1.1
Общая площадь,78.5 м²
Название новостройки,ЖК «Холмогоры»
Корпус, строение,Литер 15
Общая площадь,78.6 м²
Общая площадь,54.8 м²
Общая площадь,135 м²
Название новостройки,ЖК «Пушкин»
Общая площадь,96.7 м²
Корпус, строение,Позиция 3
Срок сдачи,Сдача в 2 кв. 2026 — 4 кв. 2027
Общая площадь,97.4 м²
Общая площадь,50.9 м²
Название новостройки,ЖК «ЗВЕЗДЫ»
Корпус, строение,Секция 4
Название новостройки,ЖК «Зеленая территория»
Корпус, строение,Литер 1.2
Общая площадь,107.1 м²
Площадь кухни,36.6 м²
Название новостройки,Лаунж-дома «Авторы на Большой»
Корпус, строение,Авторы на Большой 62
Общая площадь,22.2 м²
Жилая площадь,12.8 м²
Название новостройки,ЖК «Дзенпарк»
Корпус, строение,Литер 9
Название новостройки,ЖК «Чехов»
Этаж,5 из 19
Этаж,3 из 8
Общая площадь,69.9 м²
Название новостройки,ЖК «Утро на Репина»
Корпус, строение,Дом 3
Общая площадь,30.7 м²
Название новостройки,Жилой квартал «Республика»
Корпус, строение,Дом 2 (2 этап)
Название новостройки,ЖК «Суджук-Кале»
Этаж,3 из 19
Общая площадь,22.1 м²
Общая площадь,22.6 м²
Название новостройки,ЖК «Хрустальные ключи»
Корпус, строение,Дом 5.5
Общая площадь,48.2 м²
Общая площадь,36.4 м²
Название новостройки,ЖК «River Park»
Корпус, строение,Дом 2 Очередь 2
Этаж,23 из 23
Высота потолков,5 м
Название новостройки,ЖК «Пять континентов»
Этаж,7 из 7
Способ продажи,переуступка
Общая площадь,46.1 м²
Название новостройки,ЖК «Бунинские кварталы»
Общая площадь,58.2 м²
Название новостройки,Жилой район «Первое место»
Корпус, строение,Литер 1 (Квартал 1.6)
Общая площадь,106.5 м²
Жилая площадь,57.2 м²
Этаж,7 из 24
Название новостройки,Мкр. «Любимово»
Корпус, строение,Участок 9 (Литер 2)
Общая площадь,22.9 м²
Этаж,10 из 18
Название новостройки,ЖК «Ромашки»
Корпус, строение,Корпус 4.1
Общая площадь,46.7 м²
Общая площадь,98.4 м²
Этаж,6 из 19
Название новостройки,ЖК «Тридевяткино царство»
Корпус, строение,Позиция 9
Общая площадь,67.1 м²
Общая площадь,78.2 м²
Общая площадь,62.3 м²
Жилая площадь,36.8 м²
Этаж,14 из 25
Название новостройки,ЖК «Европейский берег 2.0»
Корпус, строение,ГП-1 (Дом «Монте-Карло»)
Этаж,12 из 28
Название новостройки,ЖК «Десяткино 2.0»
Корпус, строение,Корпус 2 (1 этап)
Этаж,9 из 26
Название новостройки,ЖР «Айвазовский City»
Корпус, строение,ГП 2
Срок сдачи,Сдан 4 кв. 2020
Название новостройки,Жилой район «Патрики»
Корпус, строение,Литер 4.1
Общая площадь,37.8 м²
Название новостройки,Жилой район «Республики 205»
Корпус, строение,ГП-1
Название новостройки,Мкр. «Новый город»
Срок сдачи,Сдан 1 кв. 2023
Площадь кухни,25.3 м²
Жилая площадь,24.9 м²
Название новостройки,ЖК «Славяноград»
Корпус, строение,4 этап, Корпус 4
Название новостройки,Дома по ул. Сайханова
Срок сдачи,Сдан 2 кв. 2020
Название новостройки,ЖК «Европейский-3»
Корпус, строение,Позиция 20
Жилая площадь,32.8 м²
Название новостройки,ЖК «Счастье в Тюмени»
Корпус, строение,Корпус С3 (3 этап)
Жилая площадь,26.9 м²
Название новостройки,ЖК «105 микрорайон»
Корпус, строение,1 этап
Срок сдачи,Сдача в 2 кв. 2024
Название новостройки,Апарт-комплекс «GARDEN»
Корпус, строение,ПК 4
Корпус, строение,Секция 2
Жилая площадь,45.4 м²
Общая площадь,59.9 м²
Общая площадь,99.5 м²
Название новостройки,Дом по ул. Зураба Магкаева, 83, корп. 6А
Этаж,11 из 20
Название новостройки,ЖК «Гвардейский 3.0»
Корпус, строение,Дом 26 (Секция 3)
Этаж,10 из 22
Название новостройки,ЖК «Тихие зори»
Корпус, строение,Дом Стрелка (Корпус 1)
Срок сдачи,Сдан 3 кв. 2024
Название новостройки,ЖК по улице Измайлова
Корпус, строение,1 очередь (строение 3)
Общая площадь,68.3 м²
Название новостройки,ЖК «Западный»
Корпус, строение,Корпус 7
Жилая площадь,51.6 м²
Этаж,5 из 20
Общая площадь,87.2 м²
Площадь кухни,20.7 м²
Корпус, строение,Позиция 35
Срок сдачи,Сдан 1 кв. 2017
Название новостройки,Дома по ул. Курсантов Кировцев, 29
Корпус, строение,Литер 8
Срок сдачи,Сдан 3 кв. 2021
Этаж,20 из 21
Корпус, строение,Литер 28 (5 очередь)
Общая площадь,73.5 м²
Название новостройки,Жилой микрорайон «Черемушки»
Корпус, строение,Позиция 8, 2 квартал
Название новостройки,ЖК «Облака»
Срок сдачи,Сдача в 1 кв. 2017 — 2 кв. 2025, есть сданные
Название новостройки,ЖК «Лесная сказка»
Общая площадь,107.6 м²
Название новостройки,ЖК «Фермаполис»
Общая площадь,63.7 м²
Название новостройки,ЖК «Свобода»
Название новостройки,Кедровый берег
Корпус, строение,ГП-1.1
Срок сдачи,Сдача в 3 кв. 2025 — 4 кв. 2025
Общая площадь,49.3 м²
Название новостройки,Мкр. «Теплые Края»
Корпус, строение,Литера 11 (4 очередь)
Срок сдачи,Сдача в 1 кв. 2025 — 2 кв. 2026
Название новостройки,ЖК «Притяжение»
Корпус, строение,Строение 14.2 (8 этап)
Название новостройки,ЖР «Гармония» (12 участок)
Корпус, строение,Позиция 13
Общая площадь,48.9 м²
Общая площадь,87.7 м²
Площадь кухни,19.3 м²
Название новостройки,ЖК «Альпы»
Срок сдачи,Сдача в 4 кв. 2022
Площадь кухни,20.3 м²
Жилая площадь,13.4 м²
Название новостройки,ЖК «Гринвуд»
Этаж,4 из 18
Название новостройки,Клубный квартал «Архитектор»
Корпус, строение,Литер 5.2
Срок сдачи,Сдача в 2 кв. 2024 — 2 кв. 2027
Общая площадь,96.3 м²
Корпус, строение,Корпус 3 (2 этап)
Название новостройки,ЖК «Днепровская Роща»
Название новостройки,ЖК «Ракурс»
Общая площадь,64.1 м²
Название новостройки,ЖК по ул. Хамзата Орзамиева
Название новостройки,ЖК «Нахимовский квартал II»
Корпус, строение,Дом 2, 2 очередь
Общая площадь,91.2 м²
Корпус, строение,Участок 6 (Литер 2)
Общая площадь,80.4 м²
Название новостройки,ЖК «Ласточкино»
Корпус, строение,Позиция 33
Этаж,13 из 15
Название новостройки,ЖК «Династия»
Жилая площадь,22.9 м²
Название новостройки,ЖК «Римский»
Корпус, строение,Дом 8
Название новостройки,ЖК «Зеленый театр»
Корпус, строение,Литер 7
Корпус, строение,Позиция 8/1
Срок сдачи,Сдан 4 кв. 2019
Жилая площадь,35.5 м²
Название новостройки,ЖК «Гулливер»
Жилая площадь,8.3 м²
Название новостройки,ЖК «Ласкино-Парк»
Корпус, строение,Дом 2, корп. 9
